"FullName","Length","Extension","LastWriteTime"
"C:\Users\kessh\OneDrive\Documents\PAIMANA INTEL\Primary datasets\CompleteReviewReportAugust2025.pdf","4979416",".pdf","11-09-2026 12:47:38"
"C:\Users\kessh\OneDrive\Documents\PAIMANA INTEL\Primary datasets\CompleteReviewReportDec2020.pdf","9189120",".pdf","11-09-2026 12:32:59"
"C:\Users\kessh\OneDrive\Documents\PAIMANA INTEL\Primary datasets\CompleteReviewReportDec2023.pdf","4954555",".pdf","11-09-2026 12:44:09"
"C:\Users\kessh\OneDrive\Documents\PAIMANA INTEL\Primary datasets\CompleteReviewReportFeb2021.pdf","13715859",".pdf","11-09-2026 12:33:04"
"C:\Users\kessh\OneDrive\Documents\PAIMANA INTEL\Primary datasets\CompleteReviewReportJan2021.pdf","10109296",".pdf","11-09-2026 12:33:04"
"C:\Users\kessh\OneDrive\Documents\PAIMANA INTEL\Primary datasets\CompleteReviewReportJuly2025.pdf","4161773",".pdf","11-09-2026 12:47:36"
"C:\Users\kessh\OneDrive\Documents\PAIMANA INTEL\Primary datasets\CompleteReviewReportJune2025.pdf","4168757",".pdf","11-09-2026 12:47:34"
"C:\Users\kessh\OneDrive\Documents\PAIMANA INTEL\Primary datasets\CompleteReviewReportMarch2025.pdf","4550305",".pdf","11-09-2026 12:46:29"
"C:\Users\kessh\OneDrive\Documents\PAIMANA INTEL\Primary datasets\FlashReport_April2026 (2).pdf","3215216",".pdf","11-09-2026 12:48:07"
"C:\Users\kessh\OneDrive\Documents\PAIMANA INTEL\Primary datasets\FlashReport_August_2025.pdf","5791675",".pdf","11-09-2026 12:28:42"
"C:\Users\kessh\OneDrive\Documents\PAIMANA INTEL\Primary datasets\FlashReport_December_2025.pdf","6398361",".pdf","11-09-2026 12:29:35"
"C:\Users\kessh\OneDrive\Documents\PAIMANA INTEL\Primary datasets\FlashReport_February_2026.pdf","6738453",".pdf","11-09-2026 12:29:38"
"C:\Users\kessh\OneDrive\Documents\PAIMANA INTEL\Primary datasets\FlashReport_January_2026.pdf","6544662",".pdf","11-09-2026 12:29:38"
"C:\Users\kessh\OneDrive\Documents\PAIMANA INTEL\Primary datasets\FlashReport_July_2025.pdf","5823487",".pdf","11-09-2026 12:28:42"
"C:\Users\kessh\OneDrive\Documents\PAIMANA INTEL\Primary datasets\FlashReport_July_2026 (2).pdf","5237660",".pdf","11-09-2026 12:48:20"
"C:\Users\kessh\OneDrive\Documents\PAIMANA INTEL\Primary datasets\FlashReport_June_2026 (1).pdf","5242199",".pdf","11-09-2026 12:48:14"
"C:\Users\kessh\OneDrive\Documents\PAIMANA INTEL\Primary datasets\FlashReport_March_2026.pdf","6827436",".pdf","11-09-2026 12:29:41"
"C:\Users\kessh\OneDrive\Documents\PAIMANA INTEL\Primary datasets\FlashReport_May2026 (1).pdf","3217996",".pdf","11-09-2026 12:48:08"
"C:\Users\kessh\OneDrive\Documents\PAIMANA INTEL\Primary datasets\FlashReport_November_2025.pdf","5845019",".pdf","11-09-2026 12:29:23"
"C:\Users\kessh\OneDrive\Documents\PAIMANA INTEL\Primary datasets\FlashReport_October_2025.pdf","5928547",".pdf","11-09-2026 12:29:20"
"C:\Users\kessh\OneDrive\Documents\PAIMANA INTEL\Primary datasets\FlashReport_September_2025.pdf","6007329",".pdf","11-09-2026 12:29:15"
"C:\Users\kessh\OneDrive\Documents\PAIMANA INTEL\Primary datasets\FRApril2025.pdf","10264807",".pdf","11-09-2026 12:28:25"
"C:\Users\kessh\OneDrive\Documents\PAIMANA INTEL\Primary datasets\FR_JUNE_2025.pdf","14003041",".pdf","11-09-2026 12:28:41"
"C:\Users\kessh\OneDrive\Documents\PAIMANA INTEL\Primary datasets\FR_May2025.pdf","9995553",".pdf","11-09-2026 12:28:29"
"C:\Users\kessh\OneDrive\Documents\PAIMANA INTEL\Primary datasets\QPISR_QR_1st_2025-26.pdf","7285075",".pdf","11-09-2026 12:28:29"
"C:\Users\kessh\OneDrive\Documents\PAIMANA INTEL\Primary datasets\Review Report Dec 25.pdf","5290644",".pdf","11-09-2026 12:47:48"
"C:\Users\kessh\OneDrive\Documents\PAIMANA INTEL\Primary datasets\Review Report Jan26.pdf","5216018",".pdf","11-09-2026 12:47:50"
"C:\Users\kessh\OneDrive\Documents\PAIMANA INTEL\Primary datasets\ReviewReportNov25.pdf","4053211",".pdf","11-09-2026 12:47:45"
"C:\Users\kessh\OneDrive\Documents\PAIMANA INTEL\Primary datasets\ReviewReportOct25.pdf","3084453",".pdf","11-09-2026 12:47:44"
"C:\Users\kessh\OneDrive\Documents\PAIMANA INTEL\Primary datasets\ReviewReportSep25.pdf","5657875",".pdf","11-09-2026 12:47:39"
"C:\Users\kessh\OneDrive\Documents\PAIMANA INTEL\Secondary dataset\paimana secondary dataset performance monitoring archival data\CompleteReviewReportApr2018.pdf","2906594",".pdf","11-09-2026 13:23:40"
"C:\Users\kessh\OneDrive\Documents\PAIMANA INTEL\Secondary dataset\paimana secondary dataset performance monitoring archival data\CompleteReviewReportApril2015.pdf","865023",".pdf","11-09-2026 13:23:40"
"C:\Users\kessh\OneDrive\Documents\PAIMANA INTEL\Secondary dataset\paimana secondary dataset performance monitoring archival data\CompleteReviewReportApril2016.pdf","578078",".pdf","11-09-2026 13:23:40"
"C:\Users\kessh\OneDrive\Documents\PAIMANA INTEL\Secondary dataset\paimana secondary dataset performance monitoring archival data\CompleteReviewReportApril2017.pdf","4103056",".pdf","11-09-2026 13:23:41"
"C:\Users\kessh\OneDrive\Documents\PAIMANA INTEL\Secondary dataset\paimana secondary dataset performance monitoring archival data\CompleteReviewReportApril2020.pdf","1114771",".pdf","11-09-2026 13:23:41"
"C:\Users\kessh\OneDrive\Documents\PAIMANA INTEL\Secondary dataset\paimana secondary dataset performance monitoring archival data\CompleteReviewReportAug2018.pdf","2707728",".pdf","11-09-2026 13:23:41"
"C:\Users\kessh\OneDrive\Documents\PAIMANA INTEL\Secondary dataset\paimana secondary dataset performance monitoring archival data\CompleteReviewReportAug2019.pdf","1190115",".pdf","11-09-2026 13:23:41"
"C:\Users\kessh\OneDrive\Documents\PAIMANA INTEL\Secondary dataset\paimana secondary dataset performance monitoring archival data\CompleteReviewReportAug2020.pdf","6678710",".pdf","11-09-2026 13:23:41"
"C:\Users\kessh\OneDrive\Documents\PAIMANA INTEL\Secondary dataset\paimana secondary dataset performance monitoring archival data\CompleteReviewReportAugust2015.pdf","1418547",".pdf","11-09-2026 13:23:41"
"C:\Users\kessh\OneDrive\Documents\PAIMANA INTEL\Secondary dataset\paimana secondary dataset performance monitoring archival data\CompleteReviewReportAugust2016.pdf","1722225",".pdf","11-09-2026 13:23:41"
"C:\Users\kessh\OneDrive\Documents\PAIMANA INTEL\Secondary dataset\paimana secondary dataset performance monitoring archival data\CompleteReviewReportAugust2017.pdf","649513",".pdf","11-09-2026 13:23:41"
"C:\Users\kessh\OneDrive\Documents\PAIMANA INTEL\Secondary dataset\paimana secondary dataset performance monitoring archival data\CompleteReviewReportDec2017.pdf","1100180",".pdf","11-09-2026 13:23:41"
"C:\Users\kessh\OneDrive\Documents\PAIMANA INTEL\Secondary dataset\paimana secondary dataset performance monitoring archival data\CompleteReviewReportDec2018.pdf","832653",".pdf","11-09-2026 13:23:41"
"C:\Users\kessh\OneDrive\Documents\PAIMANA INTEL\Secondary dataset\paimana secondary dataset performance monitoring archival data\CompleteReviewReportDec2019.pdf","1566585",".pdf","11-09-2026 13:23:41"
"C:\Users\kessh\OneDrive\Documents\PAIMANA INTEL\Secondary dataset\paimana secondary dataset performance monitoring archival data\CompleteReviewReportDec2020.pdf","9189120",".pdf","11-09-2026 13:23:41"
"C:\Users\kessh\OneDrive\Documents\PAIMANA INTEL\Secondary dataset\paimana secondary dataset performance monitoring archival data\CompleteReviewReportDec2023.pdf","4954555",".pdf","11-09-2026 13:23:41"
"C:\Users\kessh\OneDrive\Documents\PAIMANA INTEL\Secondary dataset\paimana secondary dataset performance monitoring archival data\CompleteReviewReportDecember2015.pdf","702794",".pdf","11-09-2026 13:23:41"
"C:\Users\kessh\OneDrive\Documents\PAIMANA INTEL\Secondary dataset\paimana secondary dataset performance monitoring archival data\CompleteReviewReportDecember2016.pdf","2932555",".pdf","11-09-2026 13:23:41"
"C:\Users\kessh\OneDrive\Documents\PAIMANA INTEL\Secondary dataset\paimana secondary dataset performance monitoring archival data\CompleteReviewReportFeb2019.pdf","1139122",".pdf","11-09-2026 13:23:41"
"C:\Users\kessh\OneDrive\Documents\PAIMANA INTEL\Secondary dataset\paimana secondary dataset performance monitoring archival data\CompleteReviewReportFeb2020.pdf","1208953",".pdf","11-09-2026 13:23:41"
"C:\Users\kessh\OneDrive\Documents\PAIMANA INTEL\Secondary dataset\paimana secondary dataset performance monitoring archival data\CompleteReviewReportFeb2021.pdf","13715859",".pdf","11-09-2026 13:23:41"
"C:\Users\kessh\OneDrive\Documents\PAIMANA INTEL\Secondary dataset\paimana secondary dataset performance monitoring archival data\CompleteReviewReportFebruary2016.pdf","1117668",".pdf","11-09-2026 13:23:41"
"C:\Users\kessh\OneDrive\Documents\PAIMANA INTEL\Secondary dataset\paimana secondary dataset performance monitoring archival data\CompleteReviewReportFebruary2017.pdf","5621647",".pdf","11-09-2026 13:23:41"
"C:\Users\kessh\OneDrive\Documents\PAIMANA INTEL\Secondary dataset\paimana secondary dataset performance monitoring archival data\CompleteReviewReportFev2018.pdf","674628",".pdf","11-09-2026 13:23:41"
"C:\Users\kessh\OneDrive\Documents\PAIMANA INTEL\Secondary dataset\paimana secondary dataset performance monitoring archival data\CompleteReviewReportJan2018.pdf","1711411",".pdf","11-09-2026 13:23:42"
"C:\Users\kessh\OneDrive\Documents\PAIMANA INTEL\Secondary dataset\paimana secondary dataset performance monitoring archival data\CompleteReviewReportJan2019.pdf","922975",".pdf","11-09-2026 13:23:42"
"C:\Users\kessh\OneDrive\Documents\PAIMANA INTEL\Secondary dataset\paimana secondary dataset performance monitoring archival data\CompleteReviewReportJan2020.pdf","1248943",".pdf","11-09-2026 13:23:42"
"C:\Users\kessh\OneDrive\Documents\PAIMANA INTEL\Secondary dataset\paimana secondary dataset performance monitoring archival data\CompleteReviewReportJan2021.pdf","10109296",".pdf","11-09-2026 13:23:42"
"C:\Users\kessh\OneDrive\Documents\PAIMANA INTEL\Secondary dataset\paimana secondary dataset performance monitoring archival data\CompleteReviewReportJanuary2016.pdf","898594",".pdf","11-09-2026 13:23:42"
"C:\Users\kessh\OneDrive\Documents\PAIMANA INTEL\Secondary dataset\paimana secondary dataset performance monitoring archival data\CompleteReviewReportJanuary2017.pdf","2927109",".pdf","11-09-2026 13:23:42"
"C:\Users\kessh\OneDrive\Documents\PAIMANA INTEL\Secondary dataset\paimana secondary dataset performance monitoring archival data\CompleteReviewReportJuly2015.pdf","1416197",".pdf","11-09-2026 13:23:42"
"C:\Users\kessh\OneDrive\Documents\PAIMANA INTEL\Secondary dataset\paimana secondary dataset performance monitoring archival data\CompleteReviewReportJuly2016.pdf","1390713",".pdf","11-09-2026 13:23:42"
"C:\Users\kessh\OneDrive\Documents\PAIMANA INTEL\Secondary dataset\paimana secondary dataset performance monitoring archival data\CompleteReviewReportJuly2017.pdf","852197",".pdf","11-09-2026 13:23:42"
"C:\Users\kessh\OneDrive\Documents\PAIMANA INTEL\Secondary dataset\paimana secondary dataset performance monitoring archival data\CompleteReviewReportJuly2018.pdf","3155732",".pdf","11-09-2026 13:23:42"
"C:\Users\kessh\OneDrive\Documents\PAIMANA INTEL\Secondary dataset\paimana secondary dataset performance monitoring archival data\CompleteReviewReportJuly2019.pdf","1246308",".pdf","11-09-2026 13:23:42"
"C:\Users\kessh\OneDrive\Documents\PAIMANA INTEL\Secondary dataset\paimana secondary dataset performance monitoring archival data\CompleteReviewReportJuly2020.pdf","2171175",".pdf","11-09-2026 13:23:42"
"C:\Users\kessh\OneDrive\Documents\PAIMANA INTEL\Secondary dataset\paimana secondary dataset performance monitoring archival data\CompleteReviewReportJun2018.pdf","4271824",".pdf","11-09-2026 13:23:42"
"C:\Users\kessh\OneDrive\Documents\PAIMANA INTEL\Secondary dataset\paimana secondary dataset performance monitoring archival data\CompleteReviewReportJun2019.pdf","1127270",".pdf","11-09-2026 13:23:42"
"C:\Users\kessh\OneDrive\Documents\PAIMANA INTEL\Secondary dataset\paimana secondary dataset performance monitoring archival data\CompleteReviewReportJun2020.pdf","2155532",".pdf","11-09-2026 13:23:42"
"C:\Users\kessh\OneDrive\Documents\PAIMANA INTEL\Secondary dataset\paimana secondary dataset performance monitoring archival data\CompleteReviewReportJune2015.pdf","1615170",".pdf","11-09-2026 13:23:42"
"C:\Users\kessh\OneDrive\Documents\PAIMANA INTEL\Secondary dataset\paimana secondary dataset performance monitoring archival data\CompleteReviewReportJune2016.pdf","6825301",".pdf","11-09-2026 13:23:42"
"C:\Users\kessh\OneDrive\Documents\PAIMANA INTEL\Secondary dataset\paimana secondary dataset performance monitoring archival data\CompleteReviewReportJune2017.pdf","989428",".pdf","11-09-2026 13:23:42"
"C:\Users\kessh\OneDrive\Documents\PAIMANA INTEL\Secondary dataset\paimana secondary dataset performance monitoring archival data\CompleteReviewReportMar2018.pdf","676259",".pdf","11-09-2026 13:23:42"
"C:\Users\kessh\OneDrive\Documents\PAIMANA INTEL\Secondary dataset\paimana secondary dataset performance monitoring archival data\CompleteReviewReportMar2019.pdf","1252017",".pdf","11-09-2026 13:23:42"
"C:\Users\kessh\OneDrive\Documents\PAIMANA INTEL\Secondary dataset\paimana secondary dataset performance monitoring archival data\CompleteReviewReportMar2021.pdf","6819170",".pdf","11-09-2026 13:23:42"
"C:\Users\kessh\OneDrive\Documents\PAIMANA INTEL\Secondary dataset\paimana secondary dataset performance monitoring archival data\CompleteReviewReportMarch2016.pdf","734927",".pdf","11-09-2026 13:23:42"
"C:\Users\kessh\OneDrive\Documents\PAIMANA INTEL\Secondary dataset\paimana secondary dataset performance monitoring archival data\CompleteReviewReportMarch2017.pdf","5412912",".pdf","11-09-2026 13:23:43"
"C:\Users\kessh\OneDrive\Documents\PAIMANA INTEL\Secondary dataset\paimana secondary dataset performance monitoring archival data\CompleteReviewReportMarch2020.pdf","1006121",".pdf","11-09-2026 13:23:43"
"C:\Users\kessh\OneDrive\Documents\PAIMANA INTEL\Secondary dataset\paimana secondary dataset performance monitoring archival data\CompleteReviewReportMarch2025 (1).pdf","4550305",".pdf","11-09-2026 13:23:43"
"C:\Users\kessh\OneDrive\Documents\PAIMANA INTEL\Secondary dataset\paimana secondary dataset performance monitoring archival data\CompleteReviewReportMarch2025.pdf","4550305",".pdf","11-09-2026 13:23:43"
"C:\Users\kessh\OneDrive\Documents\PAIMANA INTEL\Secondary dataset\paimana secondary dataset performance monitoring archival data\CompleteReviewReportMay2015.pdf","1469237",".pdf","11-09-2026 13:23:43"
"C:\Users\kessh\OneDrive\Documents\PAIMANA INTEL\Secondary dataset\paimana secondary dataset performance monitoring archival data\CompleteReviewReportMay2016.pdf","943853",".pdf","11-09-2026 13:23:43"
"C:\Users\kessh\OneDrive\Documents\PAIMANA INTEL\Secondary dataset\paimana secondary dataset performance monitoring archival data\CompleteReviewReportMay2017.pdf","4777811",".pdf","11-09-2026 13:23:43"
"C:\Users\kessh\OneDrive\Documents\PAIMANA INTEL\Secondary dataset\paimana secondary dataset performance monitoring archival data\CompleteReviewReportMay2018.pdf","5238050",".pdf","11-09-2026 13:23:43"
"C:\Users\kessh\OneDrive\Documents\PAIMANA INTEL\Secondary dataset\paimana secondary dataset performance monitoring archival data\CompleteReviewReportMay2019.pdf","1144890",".pdf","11-09-2026 13:23:43"
"C:\Users\kessh\OneDrive\Documents\PAIMANA INTEL\Secondary dataset\paimana secondary dataset performance monitoring archival data\CompleteReviewReportMay2020.pdf","2156515",".pdf","11-09-2026 13:23:43"
"C:\Users\kessh\OneDrive\Documents\PAIMANA INTEL\Secondary dataset\paimana secondary dataset performance monitoring archival data\CompleteReviewReportNov2017.pdf","2109451",".pdf","11-09-2026 13:23:43"
"C:\Users\kessh\OneDrive\Documents\PAIMANA INTEL\Secondary dataset\paimana secondary dataset performance monitoring archival data\CompleteReviewReportNov2018.pdf","1414918",".pdf","11-09-2026 13:23:43"
"C:\Users\kessh\OneDrive\Documents\PAIMANA INTEL\Secondary dataset\paimana secondary dataset performance monitoring archival data\CompleteReviewReportNov2019.pdf","1205366",".pdf","11-09-2026 13:23:43"
"C:\Users\kessh\OneDrive\Documents\PAIMANA INTEL\Secondary dataset\paimana secondary dataset performance monitoring archival data\CompleteReviewReportNov2020.pdf","4771556",".pdf","11-09-2026 13:23:43"
"C:\Users\kessh\OneDrive\Documents\PAIMANA INTEL\Secondary dataset\paimana secondary dataset performance monitoring archival data\CompleteReviewReportNovember2016.pdf","2137200",".pdf","11-09-2026 13:23:43"
"C:\Users\kessh\OneDrive\Documents\PAIMANA INTEL\Secondary dataset\paimana secondary dataset performance monitoring archival data\CompleteReviewReportOct2017.pdf","3912989",".pdf","11-09-2026 13:23:43"
"C:\Users\kessh\OneDrive\Documents\PAIMANA INTEL\Secondary dataset\paimana secondary dataset performance monitoring archival data\CompleteReviewReportOct2018.pdf","1143366",".pdf","11-09-2026 13:23:43"
"C:\Users\kessh\OneDrive\Documents\PAIMANA INTEL\Secondary dataset\paimana secondary dataset performance monitoring archival data\CompleteReviewReportOct2019.pdf","1205372",".pdf","11-09-2026 13:23:43"
"C:\Users\kessh\OneDrive\Documents\PAIMANA INTEL\Secondary dataset\paimana secondary dataset performance monitoring archival data\CompleteReviewReportOct2020.pdf","1558315",".pdf","11-09-2026 13:23:43"
"C:\Users\kessh\OneDrive\Documents\PAIMANA INTEL\Secondary dataset\paimana secondary dataset performance monitoring archival data\CompleteReviewReportOctober2015.pdf","408288",".pdf","11-09-2026 13:23:44"
"C:\Users\kessh\OneDrive\Documents\PAIMANA INTEL\Secondary dataset\paimana secondary dataset performance monitoring archival data\CompleteReviewReportOctober2016.pdf","2757503",".pdf","11-09-2026 13:23:44"
"C:\Users\kessh\OneDrive\Documents\PAIMANA INTEL\Secondary dataset\paimana secondary dataset performance monitoring archival data\CompleteReviewReportSep2018.pdf","3053881",".pdf","11-09-2026 13:23:44"
"C:\Users\kessh\OneDrive\Documents\PAIMANA INTEL\Secondary dataset\paimana secondary dataset performance monitoring archival data\CompleteReviewReportSep2019.pdf","1167555",".pdf","11-09-2026 13:23:44"
"C:\Users\kessh\OneDrive\Documents\PAIMANA INTEL\Secondary dataset\paimana secondary dataset performance monitoring archival data\CompleteReviewReportSep2020.pdf","3094614",".pdf","11-09-2026 13:23:44"
"C:\Users\kessh\OneDrive\Documents\PAIMANA INTEL\Secondary dataset\paimana secondary dataset performance monitoring archival data\CompleteReviewReportSept2017.pdf","908496",".pdf","11-09-2026 13:23:44"
"C:\Users\kessh\OneDrive\Documents\PAIMANA INTEL\Secondary dataset\paimana secondary dataset performance monitoring archival data\CompleteReviewReportSeptember2015.pdf","1443914",".pdf","11-09-2026 13:23:44"
"C:\Users\kessh\OneDrive\Documents\PAIMANA INTEL\Secondary dataset\paimana secondary dataset performance monitoring archival data\CompleteReviewReportSeptember2016.pdf","1732120",".pdf","11-09-2026 13:23:44"
"C:\Users\kessh\OneDrive\Documents\PAIMANA INTEL\Secondary dataset\paimana secondary dataset performance monitoring archival data\FlashReport_April2026.pdf","3215216",".pdf","11-09-2026 13:23:44"
"C:\Users\kessh\OneDrive\Documents\PAIMANA INTEL\Secondary dataset\paimana secondary dataset performance monitoring archival data\FlashReport_July_2026.pdf","5237660",".pdf","11-09-2026 13:23:44"
"C:\Users\kessh\OneDrive\Documents\PAIMANA INTEL\Secondary dataset\paimana secondary dataset performance monitoring archival data\FlashReport_June_2026.pdf","5242199",".pdf","11-09-2026 13:23:44"
"C:\Users\kessh\OneDrive\Documents\PAIMANA INTEL\Secondary dataset\paimana secondary dataset performance monitoring archival data\FlashReport_May2026.pdf","3217996",".pdf","11-09-2026 13:23:44"
"C:\Users\kessh\OneDrive\Documents\PAIMANA INTEL\Secondary dataset\paimana secondary dataset project monitoring archival\CompleteReviewReportApr2018.pdf","2906594",".pdf","11-09-2026 13:49:25"
"C:\Users\kessh\OneDrive\Documents\PAIMANA INTEL\Secondary dataset\paimana secondary dataset project monitoring archival\CompleteReviewReportApril2015.pdf","865023",".pdf","11-09-2026 13:49:25"
"C:\Users\kessh\OneDrive\Documents\PAIMANA INTEL\Secondary dataset\paimana secondary dataset project monitoring archival\CompleteReviewReportApril2016.pdf","578078",".pdf","11-09-2026 13:49:25"
"C:\Users\kessh\OneDrive\Documents\PAIMANA INTEL\Secondary dataset\paimana secondary dataset project monitoring archival\CompleteReviewReportApril2017.pdf","4103056",".pdf","11-09-2026 13:49:26"
"C:\Users\kessh\OneDrive\Documents\PAIMANA INTEL\Secondary dataset\paimana secondary dataset project monitoring archival\CompleteReviewReportApril2020.pdf","1114771",".pdf","11-09-2026 13:49:26"
"C:\Users\kessh\OneDrive\Documents\PAIMANA INTEL\Secondary dataset\paimana secondary dataset project monitoring archival\CompleteReviewReportAug2018.pdf","2707728",".pdf","11-09-2026 13:49:26"
"C:\Users\kessh\OneDrive\Documents\PAIMANA INTEL\Secondary dataset\paimana secondary dataset project monitoring archival\CompleteReviewReportAug2019.pdf","1190115",".pdf","11-09-2026 13:49:26"
"C:\Users\kessh\OneDrive\Documents\PAIMANA INTEL\Secondary dataset\paimana secondary dataset project monitoring archival\CompleteReviewReportAug2020.pdf","6678710",".pdf","11-09-2026 13:49:26"
"C:\Users\kessh\OneDrive\Documents\PAIMANA INTEL\Secondary dataset\paimana secondary dataset project monitoring archival\CompleteReviewReportAugust2015.pdf","1418547",".pdf","11-09-2026 13:49:26"
"C:\Users\kessh\OneDrive\Documents\PAIMANA INTEL\Secondary dataset\paimana secondary dataset project monitoring archival\CompleteReviewReportAugust2016.pdf","1722225",".pdf","11-09-2026 13:49:26"
"C:\Users\kessh\OneDrive\Documents\PAIMANA INTEL\Secondary dataset\paimana secondary dataset project monitoring archival\CompleteReviewReportAugust2017.pdf","649513",".pdf","11-09-2026 13:49:26"
"C:\Users\kessh\OneDrive\Documents\PAIMANA INTEL\Secondary dataset\paimana secondary dataset project monitoring archival\CompleteReviewReportDec2017.pdf","1100180",".pdf","11-09-2026 13:49:26"
"C:\Users\kessh\OneDrive\Documents\PAIMANA INTEL\Secondary dataset\paimana secondary dataset project monitoring archival\CompleteReviewReportDec2018.pdf","832653",".pdf","11-09-2026 13:49:26"
"C:\Users\kessh\OneDrive\Documents\PAIMANA INTEL\Secondary dataset\paimana secondary dataset project monitoring archival\CompleteReviewReportDec2019.pdf","1566585",".pdf","11-09-2026 13:49:26"
"C:\Users\kessh\OneDrive\Documents\PAIMANA INTEL\Secondary dataset\paimana secondary dataset project monitoring archival\CompleteReviewReportDec2020.pdf","9189120",".pdf","11-09-2026 13:49:26"
"C:\Users\kessh\OneDrive\Documents\PAIMANA INTEL\Secondary dataset\paimana secondary dataset project monitoring archival\CompleteReviewReportDec2023.pdf","4954555",".pdf","11-09-2026 13:49:26"
"C:\Users\kessh\OneDrive\Documents\PAIMANA INTEL\Secondary dataset\paimana secondary dataset project monitoring archival\CompleteReviewReportDecember2015.pdf","702794",".pdf","11-09-2026 13:49:26"
"C:\Users\kessh\OneDrive\Documents\PAIMANA INTEL\Secondary dataset\paimana secondary dataset project monitoring archival\CompleteReviewReportDecember2016.pdf","2932555",".pdf","11-09-2026 13:49:26"
"C:\Users\kessh\OneDrive\Documents\PAIMANA INTEL\Secondary dataset\paimana secondary dataset project monitoring archival\CompleteReviewReportFeb2019.pdf","1139122",".pdf","11-09-2026 13:49:26"
"C:\Users\kessh\OneDrive\Documents\PAIMANA INTEL\Secondary dataset\paimana secondary dataset project monitoring archival\CompleteReviewReportFeb2020.pdf","1208953",".pdf","11-09-2026 13:49:26"
"C:\Users\kessh\OneDrive\Documents\PAIMANA INTEL\Secondary dataset\paimana secondary dataset project monitoring archival\CompleteReviewReportFeb2021.pdf","13715859",".pdf","11-09-2026 13:49:26"
"C:\Users\kessh\OneDrive\Documents\PAIMANA INTEL\Secondary dataset\paimana secondary dataset project monitoring archival\CompleteReviewReportFebruary2016.pdf","1117668",".pdf","11-09-2026 13:49:26"
"C:\Users\kessh\OneDrive\Documents\PAIMANA INTEL\Secondary dataset\paimana secondary dataset project monitoring archival\CompleteReviewReportFebruary2017.pdf","5621647",".pdf","11-09-2026 13:49:26"
"C:\Users\kessh\OneDrive\Documents\PAIMANA INTEL\Secondary dataset\paimana secondary dataset project monitoring archival\CompleteReviewReportFev2018.pdf","674628",".pdf","11-09-2026 13:49:26"
"C:\Users\kessh\OneDrive\Documents\PAIMANA INTEL\Secondary dataset\paimana secondary dataset project monitoring archival\CompleteReviewReportJan2018.pdf","1711411",".pdf","11-09-2026 13:49:26"
"C:\Users\kessh\OneDrive\Documents\PAIMANA INTEL\Secondary dataset\paimana secondary dataset project monitoring archival\CompleteReviewReportJan2019.pdf","922975",".pdf","11-09-2026 13:49:26"
"C:\Users\kessh\OneDrive\Documents\PAIMANA INTEL\Secondary dataset\paimana secondary dataset project monitoring archival\CompleteReviewReportJan2020.pdf","1248943",".pdf","11-09-2026 13:49:27"
"C:\Users\kessh\OneDrive\Documents\PAIMANA INTEL\Secondary dataset\paimana secondary dataset project monitoring archival\CompleteReviewReportJan2021.pdf","10109296",".pdf","11-09-2026 13:49:27"
"C:\Users\kessh\OneDrive\Documents\PAIMANA INTEL\Secondary dataset\paimana secondary dataset project monitoring archival\CompleteReviewReportJanuary2016.pdf","898594",".pdf","11-09-2026 13:49:27"
"C:\Users\kessh\OneDrive\Documents\PAIMANA INTEL\Secondary dataset\paimana secondary dataset project monitoring archival\CompleteReviewReportJanuary2017.pdf","2927109",".pdf","11-09-2026 13:49:27"
"C:\Users\kessh\OneDrive\Documents\PAIMANA INTEL\Secondary dataset\paimana secondary dataset project monitoring archival\CompleteReviewReportJuly2015.pdf","1416197",".pdf","11-09-2026 13:49:27"
"C:\Users\kessh\OneDrive\Documents\PAIMANA INTEL\Secondary dataset\paimana secondary dataset project monitoring archival\CompleteReviewReportJuly2016.pdf","1390713",".pdf","11-09-2026 13:49:27"
"C:\Users\kessh\OneDrive\Documents\PAIMANA INTEL\Secondary dataset\paimana secondary dataset project monitoring archival\CompleteReviewReportJuly2017.pdf","852197",".pdf","11-09-2026 13:49:27"
"C:\Users\kessh\OneDrive\Documents\PAIMANA INTEL\Secondary dataset\paimana secondary dataset project monitoring archival\CompleteReviewReportJuly2018.pdf","3155732",".pdf","11-09-2026 13:49:27"
"C:\Users\kessh\OneDrive\Documents\PAIMANA INTEL\Secondary dataset\paimana secondary dataset project monitoring archival\CompleteReviewReportJuly2019.pdf","1246308",".pdf","11-09-2026 13:49:27"
"C:\Users\kessh\OneDrive\Documents\PAIMANA INTEL\Secondary dataset\paimana secondary dataset project monitoring archival\CompleteReviewReportJuly2020.pdf","2171175",".pdf","11-09-2026 13:49:27"
"C:\Users\kessh\OneDrive\Documents\PAIMANA INTEL\Secondary dataset\paimana secondary dataset project monitoring archival\CompleteReviewReportJun2018.pdf","4271824",".pdf","11-09-2026 13:49:27"
"C:\Users\kessh\OneDrive\Documents\PAIMANA INTEL\Secondary dataset\paimana secondary dataset project monitoring archival\CompleteReviewReportJun2019.pdf","1127270",".pdf","11-09-2026 13:49:27"
"C:\Users\kessh\OneDrive\Documents\PAIMANA INTEL\Secondary dataset\paimana secondary dataset project monitoring archival\CompleteReviewReportJun2020.pdf","2155532",".pdf","11-09-2026 13:49:27"
"C:\Users\kessh\OneDrive\Documents\PAIMANA INTEL\Secondary dataset\paimana secondary dataset project monitoring archival\CompleteReviewReportJune2015.pdf","1615170",".pdf","11-09-2026 13:49:27"
"C:\Users\kessh\OneDrive\Documents\PAIMANA INTEL\Secondary dataset\paimana secondary dataset project monitoring archival\CompleteReviewReportJune2016.pdf","6825301",".pdf","11-09-2026 13:49:27"
"C:\Users\kessh\OneDrive\Documents\PAIMANA INTEL\Secondary dataset\paimana secondary dataset project monitoring archival\CompleteReviewReportJune2017.pdf","989428",".pdf","11-09-2026 13:49:27"
"C:\Users\kessh\OneDrive\Documents\PAIMANA INTEL\Secondary dataset\paimana secondary dataset project monitoring archival\CompleteReviewReportMar2018.pdf","676259",".pdf","11-09-2026 13:49:27"
"C:\Users\kessh\OneDrive\Documents\PAIMANA INTEL\Secondary dataset\paimana secondary dataset project monitoring archival\CompleteReviewReportMar2019.pdf","1252017",".pdf","11-09-2026 13:49:27"
"C:\Users\kessh\OneDrive\Documents\PAIMANA INTEL\Secondary dataset\paimana secondary dataset project monitoring archival\CompleteReviewReportMar2021.pdf","6819170",".pdf","11-09-2026 13:49:27"
"C:\Users\kessh\OneDrive\Documents\PAIMANA INTEL\Secondary dataset\paimana secondary dataset project monitoring archival\CompleteReviewReportMarch2016.pdf","734927",".pdf","11-09-2026 13:49:27"
"C:\Users\kessh\OneDrive\Documents\PAIMANA INTEL\Secondary dataset\paimana secondary dataset project monitoring archival\CompleteReviewReportMarch2017.pdf","5412912",".pdf","11-09-2026 13:49:27"
"C:\Users\kessh\OneDrive\Documents\PAIMANA INTEL\Secondary dataset\paimana secondary dataset project monitoring archival\CompleteReviewReportMarch2020.pdf","1006121",".pdf","11-09-2026 13:49:27"
"C:\Users\kessh\OneDrive\Documents\PAIMANA INTEL\Secondary dataset\paimana secondary dataset project monitoring archival\CompleteReviewReportMarch2025 (1).pdf","4550305",".pdf","11-09-2026 13:49:28"
"C:\Users\kessh\OneDrive\Documents\PAIMANA INTEL\Secondary dataset\paimana secondary dataset project monitoring archival\CompleteReviewReportMarch2025.pdf","4550305",".pdf","11-09-2026 13:49:28"
"C:\Users\kessh\OneDrive\Documents\PAIMANA INTEL\Secondary dataset\paimana secondary dataset project monitoring archival\CompleteReviewReportMay2015.pdf","1469237",".pdf","11-09-2026 13:49:28"
"C:\Users\kessh\OneDrive\Documents\PAIMANA INTEL\Secondary dataset\paimana secondary dataset project monitoring archival\CompleteReviewReportMay2016.pdf","943853",".pdf","11-09-2026 13:49:28"
"C:\Users\kessh\OneDrive\Documents\PAIMANA INTEL\Secondary dataset\paimana secondary dataset project monitoring archival\CompleteReviewReportMay2017.pdf","4777811",".pdf","11-09-2026 13:49:28"
"C:\Users\kessh\OneDrive\Documents\PAIMANA INTEL\Secondary dataset\paimana secondary dataset project monitoring archival\CompleteReviewReportMay2018.pdf","5238050",".pdf","11-09-2026 13:49:28"
"C:\Users\kessh\OneDrive\Documents\PAIMANA INTEL\Secondary dataset\paimana secondary dataset project monitoring archival\CompleteReviewReportMay2019.pdf","1144890",".pdf","11-09-2026 13:49:28"
"C:\Users\kessh\OneDrive\Documents\PAIMANA INTEL\Secondary dataset\paimana secondary dataset project monitoring archival\CompleteReviewReportMay2020.pdf","2156515",".pdf","11-09-2026 13:49:28"
"C:\Users\kessh\OneDrive\Documents\PAIMANA INTEL\Secondary dataset\paimana secondary dataset project monitoring archival\CompleteReviewReportNov2017.pdf","2109451",".pdf","11-09-2026 13:49:28"
"C:\Users\kessh\OneDrive\Documents\PAIMANA INTEL\Secondary dataset\paimana secondary dataset project monitoring archival\CompleteReviewReportNov2018.pdf","1414918",".pdf","11-09-2026 13:49:28"
"C:\Users\kessh\OneDrive\Documents\PAIMANA INTEL\Secondary dataset\paimana secondary dataset project monitoring archival\CompleteReviewReportNov2019.pdf","1205366",".pdf","11-09-2026 13:49:28"
"C:\Users\kessh\OneDrive\Documents\PAIMANA INTEL\Secondary dataset\paimana secondary dataset project monitoring archival\CompleteReviewReportNov2020.pdf","4771556",".pdf","11-09-2026 13:49:28"
"C:\Users\kessh\OneDrive\Documents\PAIMANA INTEL\Secondary dataset\paimana secondary dataset project monitoring archival\CompleteReviewReportNovember2016.pdf","2137200",".pdf","11-09-2026 13:49:28"
"C:\Users\kessh\OneDrive\Documents\PAIMANA INTEL\Secondary dataset\paimana secondary dataset project monitoring archival\CompleteReviewReportOct2017.pdf","3912989",".pdf","11-09-2026 13:49:28"
"C:\Users\kessh\OneDrive\Documents\PAIMANA INTEL\Secondary dataset\paimana secondary dataset project monitoring archival\CompleteReviewReportOct2018.pdf","1143366",".pdf","11-09-2026 13:49:28"
"C:\Users\kessh\OneDrive\Documents\PAIMANA INTEL\Secondary dataset\paimana secondary dataset project monitoring archival\CompleteReviewReportOct2019.pdf","1205372",".pdf","11-09-2026 13:49:28"
"C:\Users\kessh\OneDrive\Documents\PAIMANA INTEL\Secondary dataset\paimana secondary dataset project monitoring archival\CompleteReviewReportOct2020.pdf","1558315",".pdf","11-09-2026 13:49:28"
"C:\Users\kessh\OneDrive\Documents\PAIMANA INTEL\Secondary dataset\paimana secondary dataset project monitoring archival\CompleteReviewReportOctober2015.pdf","408288",".pdf","11-09-2026 13:49:28"
"C:\Users\kessh\OneDrive\Documents\PAIMANA INTEL\Secondary dataset\paimana secondary dataset project monitoring archival\CompleteReviewReportOctober2016.pdf","2757503",".pdf","11-09-2026 13:49:28"
"C:\Users\kessh\OneDrive\Documents\PAIMANA INTEL\Secondary dataset\paimana secondary dataset project monitoring archival\CompleteReviewReportSep2018.pdf","3053881",".pdf","11-09-2026 13:49:28"
"C:\Users\kessh\OneDrive\Documents\PAIMANA INTEL\Secondary dataset\paimana secondary dataset project monitoring archival\CompleteReviewReportSep2019.pdf","1167555",".pdf","11-09-2026 13:49:28"
"C:\Users\kessh\OneDrive\Documents\PAIMANA INTEL\Secondary dataset\paimana secondary dataset project monitoring archival\CompleteReviewReportSep2020.pdf","3094614",".pdf","11-09-2026 13:49:28"
"C:\Users\kessh\OneDrive\Documents\PAIMANA INTEL\Secondary dataset\paimana secondary dataset project monitoring archival\CompleteReviewReportSept2017.pdf","908496",".pdf","11-09-2026 13:49:28"
"C:\Users\kessh\OneDrive\Documents\PAIMANA INTEL\Secondary dataset\paimana secondary dataset project monitoring archival\CompleteReviewReportSeptember2015.pdf","1443914",".pdf","11-09-2026 13:49:28"
"C:\Users\kessh\OneDrive\Documents\PAIMANA INTEL\Secondary dataset\paimana secondary dataset project monitoring archival\CompleteReviewReportSeptember2016.pdf","1732120",".pdf","11-09-2026 13:49:29"
"C:\Users\kessh\OneDrive\Documents\PAIMANA INTEL\Secondary dataset\paimana secondary dataset project monitoring archival\FlashReport_April2026.pdf","3215216",".pdf","11-09-2026 13:49:29"
"C:\Users\kessh\OneDrive\Documents\PAIMANA INTEL\Secondary dataset\paimana secondary dataset project monitoring archival\FlashReport_July_2026.pdf","5237660",".pdf","11-09-2026 13:49:29"
"C:\Users\kessh\OneDrive\Documents\PAIMANA INTEL\Secondary dataset\paimana secondary dataset project monitoring archival\FlashReport_June_2026.pdf","5242199",".pdf","11-09-2026 13:49:29"
"C:\Users\kessh\OneDrive\Documents\PAIMANA INTEL\Secondary dataset\paimana secondary dataset project monitoring archival\FlashReport_May2026.pdf","3217996",".pdf","11-09-2026 13:49:29"
"C:\Users\kessh\OneDrive\Documents\PAIMANA INTEL\Secondary dataset\WPI and PPIs\oppi_monthly_index_202608.xlsx","50772",".xlsx","11-09-2026 13:58:23"
"C:\Users\kessh\OneDrive\Documents\PAIMANA INTEL\Secondary dataset\WPI and PPIs\SPPIs_quarterly_index_202608.xlsx","10919",".xlsx","11-09-2026 13:58:26"
"C:\Users\kessh\OneDrive\Documents\PAIMANA INTEL\Secondary dataset\WPI and PPIs\trial_ippi_monthly_index_202608.xlsx","11059",".xlsx","11-09-2026 13:58:27"
"C:\Users\kessh\OneDrive\Documents\PAIMANA INTEL\Secondary dataset\WPI and PPIs\wpi_monthly_index_202608.xlsx","314265",".xlsx","11-09-2026 13:58:21"
"C:\Users\kessh\OneDrive\Documents\PAIMANA INTEL\stage_1\01_source_inventory\DUPLICATE_SOURCE_ANALYSIS.md","663",".md","12-09-2026 17:15:29"
"C:\Users\kessh\OneDrive\Documents\PAIMANA INTEL\stage_1\01_source_inventory\SOURCE_COVERAGE.md","563",".md","12-09-2026 17:15:29"
"C:\Users\kessh\OneDrive\Documents\PAIMANA INTEL\stage_1\01_source_inventory\SOURCE_INVENTORY.md","824",".md","12-09-2026 17:15:29"
"C:\Users\kessh\OneDrive\Documents\PAIMANA INTEL\stage_1\01_source_inventory\SOURCE_RELATIONSHIPS.md","699",".md","12-09-2026 17:15:29"
"C:\Users\kessh\OneDrive\Documents\PAIMANA INTEL\stage_1\02_semantic_model\CONTROLLED_VOCABULARIES.md","293",".md","12-09-2026 17:15:43"
"C:\Users\kessh\OneDrive\Documents\PAIMANA INTEL\stage_1\02_semantic_model\DATA_DICTIONARY.md","578",".md","12-09-2026 17:15:43"
"C:\Users\kessh\OneDrive\Documents\PAIMANA INTEL\stage_1\02_semantic_model\ENTITY_MODEL.md","708",".md","12-09-2026 17:15:43"
"C:\Users\kessh\OneDrive\Documents\PAIMANA INTEL\stage_1\02_semantic_model\GEOGRAPHIC_SEMANTICS.md","309",".md","12-09-2026 17:15:43"
"C:\Users\kessh\OneDrive\Documents\PAIMANA INTEL\stage_1\02_semantic_model\SCHEMA_EVOLUTION.md","388",".md","12-09-2026 17:15:43"
"C:\Users\kessh\OneDrive\Documents\PAIMANA INTEL\stage_1\02_semantic_model\TEMPORAL_SEMANTICS.md","482",".md","12-09-2026 17:15:43"
"C:\Users\kessh\OneDrive\Documents\PAIMANA INTEL\stage_1\02_semantic_model\TERMINOLOGY.md","367",".md","12-09-2026 17:15:43"
"C:\Users\kessh\OneDrive\Documents\PAIMANA INTEL\stage_1\03_computation_requirements\COMPUTATION_CATALOG.md","1334",".md","12-09-2026 17:15:59"
"C:\Users\kessh\OneDrive\Documents\PAIMANA INTEL\stage_1\03_computation_requirements\COMPUTATION_DEPENDENCY_GRAPH.md","637",".md","12-09-2026 17:15:59"
"C:\Users\kessh\OneDrive\Documents\PAIMANA INTEL\stage_1\03_computation_requirements\COMPUTATION_STATUS.md","628",".md","12-09-2026 17:15:59"
"C:\Users\kessh\OneDrive\Documents\PAIMANA INTEL\stage_1\03_computation_requirements\DATA_AVAILABILITY_MATRIX.md","435",".md","12-09-2026 17:15:59"
"C:\Users\kessh\OneDrive\Documents\PAIMANA INTEL\stage_1\03_computation_requirements\EXTERNAL_DATA_REQUIREMENTS.md","425",".md","12-09-2026 17:15:59"
"C:\Users\kessh\OneDrive\Documents\PAIMANA INTEL\stage_1\03_computation_requirements\REQUIREMENT_INPUT_MATRIX.md","456",".md","12-09-2026 17:15:59"
"C:\Users\kessh\OneDrive\Documents\PAIMANA INTEL\stage_1\04_canonical_model\CONCEPTUAL_MODEL.md","410",".md","12-09-2026 17:16:12"
"C:\Users\kessh\OneDrive\Documents\PAIMANA INTEL\stage_1\04_canonical_model\KEYS_AND_IDENTITY.md","389",".md","12-09-2026 17:16:13"
"C:\Users\kessh\OneDrive\Documents\PAIMANA INTEL\stage_1\04_canonical_model\LAYERED_ARCHITECTURE.md","507",".md","12-09-2026 17:16:13"
"C:\Users\kessh\OneDrive\Documents\PAIMANA INTEL\stage_1\04_canonical_model\LOGICAL_SCHEMA.md","403",".md","12-09-2026 17:16:13"
"C:\Users\kessh\OneDrive\Documents\PAIMANA INTEL\stage_1\04_canonical_model\RELATIONSHIPS.md","199",".md","12-09-2026 17:16:13"
"C:\Users\kessh\OneDrive\Documents\PAIMANA INTEL\stage_1\04_canonical_model\TEMPORAL_VERSIONING.md","364",".md","12-09-2026 17:16:13"
"C:\Users\kessh\OneDrive\Documents\PAIMANA INTEL\stage_1\05_transformation_spec\CATEGORY_MAPPING.md","308",".md","12-09-2026 17:16:29"
"C:\Users\kessh\OneDrive\Documents\PAIMANA INTEL\stage_1\05_transformation_spec\DEDUPLICATION_POLICY.md","397",".md","12-09-2026 17:16:29"
"C:\Users\kessh\OneDrive\Documents\PAIMANA INTEL\stage_1\05_transformation_spec\ENTITY_RESOLUTION.md","357",".md","12-09-2026 17:16:29"
"C:\Users\kessh\OneDrive\Documents\PAIMANA INTEL\stage_1\05_transformation_spec\FIELD_MAPPINGS.md","586",".md","12-09-2026 17:16:29"
"C:\Users\kessh\OneDrive\Documents\PAIMANA INTEL\stage_1\05_transformation_spec\MISSING_DATA_POLICY.md","367",".md","12-09-2026 17:16:29"
"C:\Users\kessh\OneDrive\Documents\PAIMANA INTEL\stage_1\05_transformation_spec\TRANSFORMATION_CATALOG.md","413",".md","12-09-2026 17:16:29"
"C:\Users\kessh\OneDrive\Documents\PAIMANA INTEL\stage_1\05_transformation_spec\UNIT_NORMALIZATION.md","457",".md","12-09-2026 17:16:29"
"C:\Users\kessh\OneDrive\Documents\PAIMANA INTEL\stage_1\05_transformation_spec\VALIDATION_RULES.md","373",".md","12-09-2026 17:16:29"
"C:\Users\kessh\OneDrive\Documents\PAIMANA INTEL\stage_1\06_provenance\LINEAGE_SPECIFICATION.md","425",".md","12-09-2026 17:16:39"
"C:\Users\kessh\OneDrive\Documents\PAIMANA INTEL\stage_1\06_provenance\PROVENANCE_MODEL.md","317",".md","12-09-2026 17:16:39"
"C:\Users\kessh\OneDrive\Documents\PAIMANA INTEL\stage_1\06_provenance\SOURCE_LOCATION_MAPPING.md","303",".md","12-09-2026 17:16:39"
"C:\Users\kessh\OneDrive\Documents\PAIMANA INTEL\stage_1\07_ml_considerations\FEATURE_CANDIDATES.md","369",".md","12-09-2026 17:16:51"
"C:\Users\kessh\OneDrive\Documents\PAIMANA INTEL\stage_1\07_ml_considerations\ML_DATASET_DESIGN.md","197",".md","12-09-2026 17:16:51"
"C:\Users\kessh\OneDrive\Documents\PAIMANA INTEL\stage_1\07_ml_considerations\POINT_IN_TIME_REQUIREMENTS.md","376",".md","12-09-2026 17:16:51"
"C:\Users\kessh\OneDrive\Documents\PAIMANA INTEL\stage_1\07_ml_considerations\TARGET_CANDIDATES.md","255",".md","12-09-2026 17:16:51"
"C:\Users\kessh\OneDrive\Documents\PAIMANA INTEL\stage_1\07_ml_considerations\TARGET_LEAKAGE.md","334",".md","12-09-2026 17:16:51"
"C:\Users\kessh\OneDrive\Documents\PAIMANA INTEL\stage_1\07_ml_considerations\TEMPORAL_LEAKAGE.md","352",".md","12-09-2026 17:16:51"
"C:\Users\kessh\OneDrive\Documents\PAIMANA INTEL\stage_1\08_open_questions\ANOMALY_REGISTER.md","400",".md","12-09-2026 17:17:04"
"C:\Users\kessh\OneDrive\Documents\PAIMANA INTEL\stage_1\08_open_questions\DECISION_LOG.md","596",".md","12-09-2026 17:17:04"
"C:\Users\kessh\OneDrive\Documents\PAIMANA INTEL\stage_1\08_open_questions\DO_NOT_ASSUME_REGISTER.md","553",".md","12-09-2026 17:17:04"
"C:\Users\kessh\OneDrive\Documents\PAIMANA INTEL\stage_1\08_open_questions\KNOWN_TRUTH_REGISTER.md","533",".md","12-09-2026 17:17:04"
"C:\Users\kessh\OneDrive\Documents\PAIMANA INTEL\stage_1\08_open_questions\OPEN_QUESTIONS.md","508",".md","12-09-2026 17:17:04"
"C:\Users\kessh\OneDrive\Documents\PAIMANA INTEL\stage_1\09_MASTER_SPECIFICATION\CANONICAL_DATA_AND_COMPUTATION_SPECIFICATION.md","1333",".md","12-09-2026 17:17:17"
"C:\Users\kessh\OneDrive\Documents\PAIMANA INTEL\stage_1\09_MASTER_SPECIFICATION\STAGE_1_COMPLETION_AUDIT.md","1616",".md","12-09-2026 17:17:17"
"C:\Users\kessh\OneDrive\Documents\PAIMANA INTEL\stage_1_5\01_independent_reconstruction\INDEPENDENT_SOURCE_FINDINGS.md","3603",".md","12-09-2026 17:34:53"
"C:\Users\kessh\OneDrive\Documents\PAIMANA INTEL\stage_1_5\02_source_audit\SOURCE_COVERAGE_AUDIT.md","2590",".md","12-09-2026 17:35:16"
"C:\Users\kessh\OneDrive\Documents\PAIMANA INTEL\stage_1_5\03_semantic_audit\SEMANTIC_MODEL_AUDIT.md","2344",".md","12-09-2026 17:39:38"
"C:\Users\kessh\OneDrive\Documents\PAIMANA INTEL\stage_1_5\04_computation_audit\COMPUTATION_CATALOGUE_AUDIT.md","2551",".md","12-09-2026 17:39:53"
"C:\Users\kessh\OneDrive\Documents\PAIMANA INTEL\stage_1_5\05_schema_audit\LOGICAL_SCHEMA_AUDIT.md","2716",".md","12-09-2026 17:40:09"
"C:\Users\kessh\OneDrive\Documents\PAIMANA INTEL\stage_1_5\06_ml_audit\ML_CONSIDERATIONS_AUDIT.md","2249",".md","12-09-2026 17:40:25"
"C:\Users\kessh\OneDrive\Documents\PAIMANA INTEL\stage_1_5\07_provenance_audit\PROVENANCE_TRACKING_AUDIT.md","2098",".md","12-09-2026 17:40:40"
"C:\Users\kessh\OneDrive\Documents\PAIMANA INTEL\stage_1_5\08_risk\CRITICAL_RED_FLAGS.md","2792",".md","12-09-2026 17:34:24"
"C:\Users\kessh\OneDrive\Documents\PAIMANA INTEL\stage_1_5\09_corrections\CORRECTED_ENTITY_MODEL.md","1791",".md","12-09-2026 17:40:53"
"C:\Users\kessh\OneDrive\Documents\PAIMANA INTEL\stage_1_5\09_corrections\CORRECTED_FIELD_MAPPINGS.md","3168",".md","12-09-2026 17:41:24"
"C:\Users\kessh\OneDrive\Documents\PAIMANA INTEL\stage_1_5\09_corrections\CORRECTED_LOGICAL_SCHEMA.md","2120",".md","12-09-2026 17:41:08"
"C:\Users\kessh\OneDrive\Documents\PAIMANA INTEL\stage_1_5\10_final\OPUS_FINAL_AUDIT.md","8941",".md","12-09-2026 17:33:58"
"C:\Users\kessh\OneDrive\Documents\PAIMANA INTEL\stage_2\00_execution\STAGE_2_IMPLEMENTATION_PLAN.md","4656",".md","12-09-2026 17:50:37"
"C:\Users\kessh\OneDrive\Documents\PAIMANA INTEL\stage_2\00_execution\STAGE_2_PROGRESS.md","709",".md","12-09-2026 17:51:53"
"C:\Users\kessh\OneDrive\Documents\PAIMANA INTEL\stage_2\01_raw\generate_manifest.py","6073",".py","12-09-2026 17:51:17"
"C:\Users\kessh\OneDrive\Documents\PAIMANA INTEL\stage_2\01_raw\SOURCE_MANIFEST.csv","66533",".csv","12-09-2026 17:51:36"
"C:\Users\kessh\OneDrive\Documents\PAIMANA INTEL\stage_2\02_extraction\raw_json\SRC_0001.json","253963",".json","12-09-2026 17:52:45"
"C:\Users\kessh\OneDrive\Documents\PAIMANA INTEL\stage_2\02_extraction\raw_json\SRC_0002.json","218546",".json","12-09-2026 17:52:56"
"C:\Users\kessh\OneDrive\Documents\PAIMANA INTEL\stage_2\02_extraction\raw_json\SRC_0003.json","225684",".json","12-09-2026 17:53:28"
"C:\Users\kessh\OneDrive\Documents\PAIMANA INTEL\stage_2\02_extraction\raw_json\SRC_0004.json","227079",".json","12-09-2026 17:53:38"
"C:\Users\kessh\OneDrive\Documents\PAIMANA INTEL\stage_2\02_extraction\raw_json\SRC_0005.json","223579",".json","12-09-2026 17:53:48"
"C:\Users\kessh\OneDrive\Documents\PAIMANA INTEL\stage_2\02_extraction\raw_json\SRC_0006.json","198521",".json","12-09-2026 17:54:14"
"C:\Users\kessh\OneDrive\Documents\PAIMANA INTEL\stage_2\02_extraction\raw_json\SRC_0007.json","200544",".json","12-09-2026 17:54:38"
"C:\Users\kessh\OneDrive\Documents\PAIMANA INTEL\stage_2\02_extraction\raw_json\SRC_0008.json","174370",".json","12-09-2026 17:54:47"
"C:\Users\kessh\OneDrive\Documents\PAIMANA INTEL\stage_2\02_extraction\raw_json\SRC_0009.json","2143830",".json","12-09-2026 17:55:22"
"C:\Users\kessh\OneDrive\Documents\PAIMANA INTEL\stage_2\02_extraction\raw_json\SRC_0010.json","1232057",".json","12-09-2026 17:55:37"
"C:\Users\kessh\OneDrive\Documents\PAIMANA INTEL\stage_2\02_extraction\raw_json\SRC_0011.json","2397778",".json","12-09-2026 17:56:06"
"C:\Users\kessh\OneDrive\Documents\PAIMANA INTEL\stage_2\02_extraction\raw_json\SRC_0012.json","3764571",".json","12-09-2026 17:56:54"
"C:\Users\kessh\OneDrive\Documents\PAIMANA INTEL\stage_2\02_extraction\raw_json\SRC_0013.json","3168823",".json","12-09-2026 17:57:32"
"C:\Users\kessh\OneDrive\Documents\PAIMANA INTEL\stage_2\02_extraction\raw_json\SRC_0014.json","1199123",".json","12-09-2026 17:57:49"
"C:\Users\kessh\OneDrive\Documents\PAIMANA INTEL\stage_2\02_extraction\raw_json\SRC_0015.json","1910372",".json","12-09-2026 17:58:24"
"C:\Users\kessh\OneDrive\Documents\PAIMANA INTEL\stage_2\02_extraction\raw_json\SRC_0016.json","2030101",".json","12-09-2026 17:59:09"
"C:\Users\kessh\OneDrive\Documents\PAIMANA INTEL\stage_2\02_extraction\raw_json\SRC_0017.json","3469201",".json","12-09-2026 18:00:43"
"C:\Users\kessh\OneDrive\Documents\PAIMANA INTEL\stage_2\02_extraction\raw_json\SRC_0018.json","2144738",".json","12-09-2026 18:01:34"
"C:\Users\kessh\OneDrive\Documents\PAIMANA INTEL\stage_2\02_extraction\raw_json\SRC_0019.json","1350609",".json","12-09-2026 18:02:14"
"C:\Users\kessh\OneDrive\Documents\PAIMANA INTEL\stage_2\02_extraction\raw_json\SRC_0020.json","1348650",".json","12-09-2026 18:02:36"
"C:\Users\kessh\OneDrive\Documents\PAIMANA INTEL\stage_2\02_extraction\raw_json\SRC_0021.json","1308780",".json","12-09-2026 18:03:08"
"C:\Users\kessh\OneDrive\Documents\PAIMANA INTEL\stage_2\02_extraction\raw_json\SRC_0022.json","1474429",".json","12-09-2026 18:03:58"
"C:\Users\kessh\OneDrive\Documents\PAIMANA INTEL\stage_2\02_extraction\raw_json\SRC_0023.json","1493013",".json","12-09-2026 18:04:51"
"C:\Users\kessh\OneDrive\Documents\PAIMANA INTEL\stage_2\02_extraction\raw_json\SRC_0024.json","1573255",".json","12-09-2026 18:05:48"
"C:\Users\kessh\OneDrive\Documents\PAIMANA INTEL\stage_2\02_extraction\raw_json\SRC_0025.json","1658853",".json","12-09-2026 18:06:35"
"C:\Users\kessh\OneDrive\Documents\PAIMANA INTEL\stage_2\02_extraction\raw_json\SRC_0026.json","227140",".json","12-09-2026 18:07:22"
"C:\Users\kessh\OneDrive\Documents\PAIMANA INTEL\stage_2\02_extraction\raw_json\SRC_0027.json","216899",".json","12-09-2026 18:08:10"
"C:\Users\kessh\OneDrive\Documents\PAIMANA INTEL\stage_2\02_extraction\raw_json\SRC_0028.json","223635",".json","12-09-2026 18:08:37"
"C:\Users\kessh\OneDrive\Documents\PAIMANA INTEL\stage_2\02_extraction\raw_json\SRC_0029.json","220000",".json","12-09-2026 18:08:46"
"C:\Users\kessh\OneDrive\Documents\PAIMANA INTEL\stage_2\02_extraction\raw_json\SRC_0030.json","225887",".json","12-09-2026 18:09:13"
"C:\Users\kessh\OneDrive\Documents\PAIMANA INTEL\stage_2\02_extraction\raw_json\SRC_0031.json","160139",".json","12-09-2026 18:09:17"
"C:\Users\kessh\OneDrive\Documents\PAIMANA INTEL\stage_2\02_extraction\raw_json\SRC_0032.json","119787",".json","12-09-2026 18:09:21"
"C:\Users\kessh\OneDrive\Documents\PAIMANA INTEL\stage_2\02_extraction\raw_json\SRC_0033.json","122220",".json","12-09-2026 18:09:23"
"C:\Users\kessh\OneDrive\Documents\PAIMANA INTEL\stage_2\02_extraction\raw_json\SRC_0034.json","140437",".json","12-09-2026 18:09:25"
"C:\Users\kessh\OneDrive\Documents\PAIMANA INTEL\stage_2\02_extraction\raw_json\SRC_0035.json","125404",".json","12-09-2026 18:09:29"
"C:\Users\kessh\OneDrive\Documents\PAIMANA INTEL\stage_2\02_extraction\raw_json\SRC_0036.json","265111",".json","12-09-2026 18:09:34"
"C:\Users\kessh\OneDrive\Documents\PAIMANA INTEL\stage_2\02_extraction\raw_json\SRC_0037.json","255730",".json","12-09-2026 18:09:44"
"C:\Users\kessh\OneDrive\Documents\PAIMANA INTEL\stage_2\02_extraction\raw_json\SRC_0038.json","59090",".json","12-09-2026 18:10:27"
"C:\Users\kessh\OneDrive\Documents\PAIMANA INTEL\stage_2\02_extraction\raw_json\SRC_0039.json","213919",".json","12-09-2026 18:10:35"
"C:\Users\kessh\OneDrive\Documents\PAIMANA INTEL\stage_2\02_extraction\raw_json\SRC_0040.json","239900",".json","12-09-2026 18:10:39"
"C:\Users\kessh\OneDrive\Documents\PAIMANA INTEL\stage_2\02_extraction\raw_json\SRC_0041.json","240116",".json","12-09-2026 18:10:42"
"C:\Users\kessh\OneDrive\Documents\PAIMANA INTEL\stage_2\02_extraction\raw_json\SRC_0042.json","254223",".json","12-09-2026 18:10:46"
"C:\Users\kessh\OneDrive\Documents\PAIMANA INTEL\stage_2\02_extraction\raw_json\SRC_0043.json","252438",".json","12-09-2026 18:10:50"
"C:\Users\kessh\OneDrive\Documents\PAIMANA INTEL\stage_2\02_extraction\raw_json\SRC_0044.json","255017",".json","12-09-2026 18:10:58"
"C:\Users\kessh\OneDrive\Documents\PAIMANA INTEL\stage_2\02_extraction\raw_json\SRC_0047.json","212364",".json","12-09-2026 18:11:01"
"C:\Users\kessh\OneDrive\Documents\PAIMANA INTEL\stage_2\02_extraction\raw_json\SRC_0048.json","244290",".json","12-09-2026 18:11:05"
"C:\Users\kessh\OneDrive\Documents\PAIMANA INTEL\stage_2\02_extraction\raw_json\SRC_0049.json","257647",".json","12-09-2026 18:11:14"
"C:\Users\kessh\OneDrive\Documents\PAIMANA INTEL\stage_2\02_extraction\raw_json\SRC_0050.json","255726",".json","12-09-2026 18:11:23"
"C:\Users\kessh\OneDrive\Documents\PAIMANA INTEL\stage_2\02_extraction\raw_json\SRC_0052.json","213609",".json","12-09-2026 18:11:26"
"C:\Users\kessh\OneDrive\Documents\PAIMANA INTEL\stage_2\02_extraction\raw_json\SRC_0053.json","242239",".json","12-09-2026 18:11:30"
"C:\Users\kessh\OneDrive\Documents\PAIMANA INTEL\stage_2\02_extraction\raw_json\SRC_0054.json","265654",".json","12-09-2026 18:11:34"
"C:\Users\kessh\OneDrive\Documents\PAIMANA INTEL\stage_2\02_extraction\raw_json\SRC_0055.json","287678",".json","12-09-2026 18:11:41"
"C:\Users\kessh\OneDrive\Documents\PAIMANA INTEL\stage_2\02_extraction\raw_json\SRC_0056.json","255304",".json","12-09-2026 18:11:45"
"C:\Users\kessh\OneDrive\Documents\PAIMANA INTEL\stage_2\02_extraction\raw_json\SRC_0057.json","256583",".json","12-09-2026 18:11:55"
"C:\Users\kessh\OneDrive\Documents\PAIMANA INTEL\stage_2\02_extraction\raw_json\SRC_0059.json","213629",".json","12-09-2026 18:11:58"
"C:\Users\kessh\OneDrive\Documents\PAIMANA INTEL\stage_2\02_extraction\raw_json\SRC_0060.json","249480",".json","12-09-2026 18:12:03"
"C:\Users\kessh\OneDrive\Documents\PAIMANA INTEL\stage_2\02_extraction\raw_json\SRC_0061.json","217587",".json","12-09-2026 18:12:10"
"C:\Users\kessh\OneDrive\Documents\PAIMANA INTEL\stage_2\02_extraction\raw_json\SRC_0062.json","235901",".json","12-09-2026 18:12:14"
"C:\Users\kessh\OneDrive\Documents\PAIMANA INTEL\stage_2\02_extraction\raw_json\SRC_0063.json","243216",".json","12-09-2026 18:12:18"
"C:\Users\kessh\OneDrive\Documents\PAIMANA INTEL\stage_2\02_extraction\raw_json\SRC_0064.json","273385",".json","12-09-2026 18:12:23"
"C:\Users\kessh\OneDrive\Documents\PAIMANA INTEL\stage_2\02_extraction\raw_json\SRC_0065.json","252561",".json","12-09-2026 18:12:34"
"C:\Users\kessh\OneDrive\Documents\PAIMANA INTEL\stage_2\02_extraction\raw_json\SRC_0066.json","260745",".json","12-09-2026 18:12:38"
"C:\Users\kessh\OneDrive\Documents\PAIMANA INTEL\stage_2\02_extraction\raw_json\SRC_0067.json","264934",".json","12-09-2026 18:12:44"
"C:\Users\kessh\OneDrive\Documents\PAIMANA INTEL\stage_2\02_extraction\raw_json\SRC_0068.json","245107",".json","12-09-2026 18:12:53"
"C:\Users\kessh\OneDrive\Documents\PAIMANA INTEL\stage_2\02_extraction\raw_json\SRC_0069.json","211826",".json","12-09-2026 18:12:57"
"C:\Users\kessh\OneDrive\Documents\PAIMANA INTEL\stage_2\02_extraction\raw_json\SRC_0070.json","206222",".json","12-09-2026 18:13:05"
"C:\Users\kessh\OneDrive\Documents\PAIMANA INTEL\stage_2\02_extraction\raw_json\SRC_0071.json","232822",".json","12-09-2026 18:13:08"
"C:\Users\kessh\OneDrive\Documents\PAIMANA INTEL\stage_2\02_extraction\raw_json\SRC_0072.json","242651",".json","12-09-2026 18:13:12"
"C:\Users\kessh\OneDrive\Documents\PAIMANA INTEL\stage_2\02_extraction\raw_json\SRC_0073.json","266726",".json","12-09-2026 18:13:16"
"C:\Users\kessh\OneDrive\Documents\PAIMANA INTEL\stage_2\02_extraction\raw_json\SRC_0074.json","258981",".json","12-09-2026 18:13:25"
"C:\Users\kessh\OneDrive\Documents\PAIMANA INTEL\stage_2\02_extraction\raw_json\SRC_0075.json","222894",".json","12-09-2026 18:13:31"
"C:\Users\kessh\OneDrive\Documents\PAIMANA INTEL\stage_2\02_extraction\raw_json\SRC_0076.json","212669",".json","12-09-2026 18:13:37"
"C:\Users\kessh\OneDrive\Documents\PAIMANA INTEL\stage_2\02_extraction\raw_json\SRC_0077.json","241901",".json","12-09-2026 18:13:50"
"C:\Users\kessh\OneDrive\Documents\PAIMANA INTEL\stage_2\02_extraction\raw_json\SRC_0078.json","267521",".json","12-09-2026 18:14:02"
"C:\Users\kessh\OneDrive\Documents\PAIMANA INTEL\stage_2\02_extraction\raw_json\SRC_0081.json","210621",".json","12-09-2026 18:14:23"
"C:\Users\kessh\OneDrive\Documents\PAIMANA INTEL\stage_2\02_extraction\raw_json\SRC_0082.json","205421",".json","12-09-2026 18:14:29"
"C:\Users\kessh\OneDrive\Documents\PAIMANA INTEL\stage_2\02_extraction\raw_json\SRC_0083.json","240831",".json","12-09-2026 18:14:40"
"C:\Users\kessh\OneDrive\Documents\PAIMANA INTEL\stage_2\02_extraction\raw_json\SRC_0084.json","244683",".json","12-09-2026 18:14:54"
"C:\Users\kessh\OneDrive\Documents\PAIMANA INTEL\stage_2\02_extraction\raw_json\SRC_0085.json","248286",".json","12-09-2026 18:15:20"
"C:\Users\kessh\OneDrive\Documents\PAIMANA INTEL\stage_2\02_extraction\raw_json\SRC_0086.json","242639",".json","12-09-2026 18:15:33"
"C:\Users\kessh\OneDrive\Documents\PAIMANA INTEL\stage_2\02_extraction\raw_json\SRC_0087.json","240769",".json","12-09-2026 18:15:47"
"C:\Users\kessh\OneDrive\Documents\PAIMANA INTEL\stage_2\02_extraction\raw_json\SRC_0088.json","248316",".json","12-09-2026 18:15:58"
"C:\Users\kessh\OneDrive\Documents\PAIMANA INTEL\stage_2\02_extraction\raw_json\SRC_0089.json","256459",".json","12-09-2026 18:16:24"
"C:\Users\kessh\OneDrive\Documents\PAIMANA INTEL\stage_2\02_extraction\raw_json\SRC_0090.json","225242",".json","12-09-2026 18:16:28"
"C:\Users\kessh\OneDrive\Documents\PAIMANA INTEL\stage_2\02_extraction\raw_json\SRC_0091.json","238358",".json","12-09-2026 18:16:34"
"C:\Users\kessh\OneDrive\Documents\PAIMANA INTEL\stage_2\02_extraction\raw_json\SRC_0092.json","247335",".json","12-09-2026 18:16:39"
"C:\Users\kessh\OneDrive\Documents\PAIMANA INTEL\stage_2\02_extraction\raw_json\SRC_0093.json","259527",".json","12-09-2026 18:16:43"
"C:\Users\kessh\OneDrive\Documents\PAIMANA INTEL\stage_2\02_extraction\raw_json\SRC_0094.json","261371",".json","12-09-2026 18:16:53"
"C:\Users\kessh\OneDrive\Documents\PAIMANA INTEL\stage_2\02_extraction\raw_json\SRC_0095.json","235754",".json","12-09-2026 18:17:01"
"C:\Users\kessh\OneDrive\Documents\PAIMANA INTEL\stage_2\02_extraction\raw_json\SRC_0096.json","217439",".json","12-09-2026 18:17:05"
"C:\Users\kessh\OneDrive\Documents\PAIMANA INTEL\stage_2\02_extraction\raw_json\SRC_0097.json","238490",".json","12-09-2026 18:17:09"
"C:\Users\kessh\OneDrive\Documents\PAIMANA INTEL\stage_2\02_extraction\raw_json\SRC_0098.json","266368",".json","12-09-2026 18:17:15"
"C:\Users\kessh\OneDrive\Documents\PAIMANA INTEL\stage_2\02_extraction\raw_json\SRC_0099.json","258083",".json","12-09-2026 18:17:43"
"C:\Users\kessh\OneDrive\Documents\PAIMANA INTEL\stage_2\02_extraction\raw_json\SRC_0100.json","216056",".json","12-09-2026 18:17:53"
"C:\Users\kessh\OneDrive\Documents\PAIMANA INTEL\stage_2\02_extraction\raw_json\SRC_0101.json","241588",".json","12-09-2026 18:17:57"
"C:\Users\kessh\OneDrive\Documents\PAIMANA INTEL\stage_2\02_extraction\raw_json\SRC_0102.json","215876",".json","12-09-2026 18:18:08"
"C:\Users\kessh\OneDrive\Documents\PAIMANA INTEL\stage_2\02_extraction\raw_json\SRC_0103.json","244865",".json","12-09-2026 18:18:13"
"C:\Users\kessh\OneDrive\Documents\PAIMANA INTEL\stage_2\02_extraction\raw_json\SRC_0185.json","274162",".json","12-09-2026 18:18:23"
"C:\Users\kessh\OneDrive\Documents\PAIMANA INTEL\stage_2\02_extraction\raw_json\SRC_0186.json","13058",".json","12-09-2026 18:18:23"
"C:\Users\kessh\OneDrive\Documents\PAIMANA INTEL\stage_2\02_extraction\raw_json\SRC_0187.json","10732",".json","12-09-2026 18:18:23"
"C:\Users\kessh\OneDrive\Documents\PAIMANA INTEL\stage_2\02_extraction\raw_json\SRC_0188.json","1903521",".json","12-09-2026 18:18:24"
"C:\Users\kessh\OneDrive\Documents\PAIMANA INTEL\stage_2\02_extraction\EXTRACTION_QUALITY_REPORT.csv","9402",".csv","12-09-2026 18:18:24"
"C:\Users\kessh\OneDrive\Documents\PAIMANA INTEL\stage_2\02_extraction\extract_pipeline.py","6978",".py","12-09-2026 17:52:27"
"C:\Users\kessh\OneDrive\Documents\PAIMANA INTEL\stage_2\03_standardization\standardized_json\SRC_0009_std.json","32539",".json","12-09-2026 18:19:05"
"C:\Users\kessh\OneDrive\Documents\PAIMANA INTEL\stage_2\03_standardization\standardized_json\SRC_0010_std.json","31812",".json","12-09-2026 18:19:05"
"C:\Users\kessh\OneDrive\Documents\PAIMANA INTEL\stage_2\03_standardization\standardized_json\SRC_0011_std.json","32582",".json","12-09-2026 18:19:05"
"C:\Users\kessh\OneDrive\Documents\PAIMANA INTEL\stage_2\03_standardization\standardized_json\SRC_0012_std.json","32681",".json","12-09-2026 18:19:05"
"C:\Users\kessh\OneDrive\Documents\PAIMANA INTEL\stage_2\03_standardization\standardized_json\SRC_0013_std.json","32505",".json","12-09-2026 18:19:05"
"C:\Users\kessh\OneDrive\Documents\PAIMANA INTEL\stage_2\03_standardization\standardized_json\SRC_0014_std.json","31703",".json","12-09-2026 18:19:05"
"C:\Users\kessh\OneDrive\Documents\PAIMANA INTEL\stage_2\03_standardization\standardized_json\SRC_0015_std.json","32241",".json","12-09-2026 18:19:05"
"C:\Users\kessh\OneDrive\Documents\PAIMANA INTEL\stage_2\03_standardization\standardized_json\SRC_0016_std.json","32370",".json","12-09-2026 18:19:05"
"C:\Users\kessh\OneDrive\Documents\PAIMANA INTEL\stage_2\03_standardization\standardized_json\SRC_0017_std.json","32544",".json","12-09-2026 18:19:05"
"C:\Users\kessh\OneDrive\Documents\PAIMANA INTEL\stage_2\03_standardization\standardized_json\SRC_0018_std.json","32513",".json","12-09-2026 18:19:05"
"C:\Users\kessh\OneDrive\Documents\PAIMANA INTEL\stage_2\03_standardization\standardized_json\SRC_0019_std.json","31965",".json","12-09-2026 18:19:05"
"C:\Users\kessh\OneDrive\Documents\PAIMANA INTEL\stage_2\03_standardization\standardized_json\SRC_0020_std.json","31860",".json","12-09-2026 18:19:05"
"C:\Users\kessh\OneDrive\Documents\PAIMANA INTEL\stage_2\03_standardization\standardized_json\SRC_0021_std.json","31791",".json","12-09-2026 18:19:05"
"C:\Users\kessh\OneDrive\Documents\PAIMANA INTEL\stage_2\03_standardization\standardized_json\SRC_0032_std.json","1593",".json","12-09-2026 18:19:05"
"C:\Users\kessh\OneDrive\Documents\PAIMANA INTEL\stage_2\03_standardization\standardize_data.py","11230",".py","12-09-2026 17:53:49"
"C:\Users\kessh\OneDrive\Documents\PAIMANA INTEL\stage_2\04_identity\resolved_json\SRC_0009_std.json","33676",".json","12-09-2026 18:19:05"
"C:\Users\kessh\OneDrive\Documents\PAIMANA INTEL\stage_2\04_identity\resolved_json\SRC_0010_std.json","32944",".json","12-09-2026 18:19:05"
"C:\Users\kessh\OneDrive\Documents\PAIMANA INTEL\stage_2\04_identity\resolved_json\SRC_0011_std.json","33719",".json","12-09-2026 18:19:05"
"C:\Users\kessh\OneDrive\Documents\PAIMANA INTEL\stage_2\04_identity\resolved_json\SRC_0012_std.json","33818",".json","12-09-2026 18:19:05"
"C:\Users\kessh\OneDrive\Documents\PAIMANA INTEL\stage_2\04_identity\resolved_json\SRC_0013_std.json","33642",".json","12-09-2026 18:19:05"
"C:\Users\kessh\OneDrive\Documents\PAIMANA INTEL\stage_2\04_identity\resolved_json\SRC_0014_std.json","32836",".json","12-09-2026 18:19:05"
"C:\Users\kessh\OneDrive\Documents\PAIMANA INTEL\stage_2\04_identity\resolved_json\SRC_0015_std.json","33383",".json","12-09-2026 18:19:05"
"C:\Users\kessh\OneDrive\Documents\PAIMANA INTEL\stage_2\04_identity\resolved_json\SRC_0016_std.json","33508",".json","12-09-2026 18:19:05"
"C:\Users\kessh\OneDrive\Documents\PAIMANA INTEL\stage_2\04_identity\resolved_json\SRC_0017_std.json","33681",".json","12-09-2026 18:19:05"
"C:\Users\kessh\OneDrive\Documents\PAIMANA INTEL\stage_2\04_identity\resolved_json\SRC_0018_std.json","33650",".json","12-09-2026 18:19:06"
"C:\Users\kessh\OneDrive\Documents\PAIMANA INTEL\stage_2\04_identity\resolved_json\SRC_0019_std.json","33097",".json","12-09-2026 18:19:06"
"C:\Users\kessh\OneDrive\Documents\PAIMANA INTEL\stage_2\04_identity\resolved_json\SRC_0020_std.json","32993",".json","12-09-2026 18:19:06"
"C:\Users\kessh\OneDrive\Documents\PAIMANA INTEL\stage_2\04_identity\resolved_json\SRC_0021_std.json","32924",".json","12-09-2026 18:19:06"
"C:\Users\kessh\OneDrive\Documents\PAIMANA INTEL\stage_2\04_identity\resolved_json\SRC_0032_std.json","1593",".json","12-09-2026 18:19:06"
"C:\Users\kessh\OneDrive\Documents\PAIMANA INTEL\stage_2\04_identity\IDENTITY_RESOLUTION.csv","10172",".csv","12-09-2026 18:19:06"
"C:\Users\kessh\OneDrive\Documents\PAIMANA INTEL\stage_2\04_identity\resolve_identity.py","2623",".py","12-09-2026 17:54:20"
"C:\Users\kessh\OneDrive\Documents\PAIMANA INTEL\stage_2\05_canonical\load_sqlite.py","5192",".py","12-09-2026 18:18:47"
"C:\Users\kessh\OneDrive\Documents\PAIMANA INTEL\stage_2\05_canonical\paimana_analytical.db","548864",".db","12-09-2026 18:19:39"
"C:\Users\kessh\OneDrive\Documents\PAIMANA INTEL\stage_2\06_validation\RAW_VALIDATION_REPORT.csv","10321",".csv","12-09-2026 18:19:04"
"C:\Users\kessh\OneDrive\Documents\PAIMANA INTEL\stage_2\06_validation\validate_raw.py","3279",".py","12-09-2026 17:53:01"
"C:\Users\kessh\OneDrive\Documents\PAIMANA INTEL\stage_2\07_computation\compute_features.py","3451",".py","12-09-2026 17:58:20"
"C:\Users\kessh\OneDrive\Documents\PAIMANA INTEL\stage_2\08_external_data\integrate_wpi.py","1319",".py","12-09-2026 18:19:29"
"C:\Users\kessh\OneDrive\Documents\PAIMANA INTEL\stage_2\09_ml\generate_ml_dataset.py","1752",".py","12-09-2026 17:58:42"
"C:\Users\kessh\OneDrive\Documents\PAIMANA INTEL\stage_2\09_ml\ML_DATASET.csv","52130",".csv","12-09-2026 18:19:09"
"C:\Users\kessh\OneDrive\Documents\PAIMANA INTEL\stage_2_5\01_repo_inventory\REPO_INVENTORY.csv","63405",".csv","12-09-2026 18:39:05"
"C:\Users\kessh\OneDrive\Documents\PAIMANA INTEL\.gitignore","216",".gitignore","12-09-2026 18:25:24"
"C:\Users\kessh\OneDrive\Documents\PAIMANA INTEL\files.txt","55768",".txt","12-09-2026 17:11:08"
"C:\Users\kessh\OneDrive\Documents\PAIMANA INTEL\files_utf8.txt","27886",".txt","12-09-2026 17:11:22"
"C:\Users\kessh\OneDrive\Documents\PAIMANA INTEL\general approach to paimana.docx","199387",".docx","10-09-2026 21:42:06"
"C:\Users\kessh\OneDrive\Documents\PAIMANA INTEL\paimana_approach.txt","393224",".txt","12-09-2026 17:13:20"
"C:\Users\kessh\OneDrive\Documents\PAIMANA INTEL\paimana_approach_utf8.txt","282",".txt","12-09-2026 17:13:05"
"C:\Users\kessh\OneDrive\Documents\PAIMANA INTEL\paimana_ml_stack.txt","2058",".txt","12-09-2026 17:12:51"
"C:\Users\kessh\OneDrive\Documents\PAIMANA INTEL\paimana_ml_stack_utf8.txt","1031",".txt","12-09-2026 17:13:05"
"C:\Users\kessh\OneDrive\Documents\PAIMANA INTEL\scratch_flash.txt","5850",".txt","12-09-2026 17:14:25"
"C:\Users\kessh\OneDrive\Documents\PAIMANA INTEL\scratch_flash_tables.txt","6936",".txt","12-09-2026 17:14:54"
"C:\Users\kessh\OneDrive\Documents\PAIMANA INTEL\scratch_flash_tables_utf8.txt","3534",".txt","12-09-2026 17:15:01"
"C:\Users\kessh\OneDrive\Documents\PAIMANA INTEL\scratch_flash_utf8.txt","2927",".txt","12-09-2026 17:14:39"
"C:\Users\kessh\OneDrive\Documents\PAIMANA INTEL\scratch_review.txt","4698",".txt","12-09-2026 17:14:27"
"C:\Users\kessh\OneDrive\Documents\PAIMANA INTEL\scratch_review_utf8.txt","2389",".txt","12-09-2026 17:14:39"
"C:\Users\kessh\OneDrive\Documents\PAIMANA INTEL\The whole computational stack of ml.docx","54424",".docx","11-09-2026 02:38:52"
