source_id,filename,relative_path,file_type,file_size,content_hash,source_family,report_type,report_date,reporting_period,publication_date,revision_information,historical_current_classification,duplicate_group,official_match,extraction_status,pages,tables_detected,figures_detected,extraction_method,processing_version,processing_timestamp,source_confidence,notes
SRC_0001,CompleteReviewReportAugust2025.pdf,Primary datasets\CompleteReviewReportAugust2025.pdf,pdf,4979416,d215c4cb1cd0b9c4250e073414289dcf59158a01fa71449de1315b98faf172ad,SECTOR_PERFORMANCE,SECTOR_PERFORMANCE_REVIEW,August 2025,,,,CURRENT,,,PENDING,64,0,0,,0.1.0,2026-09-12T12:21:26.625566+00:00,HIGH,
SRC_0002,CompleteReviewReportDec2020.pdf,Primary datasets\CompleteReviewReportDec2020.pdf,pdf,9189120,632ce703e074de6120a681692b9733b2ff77b6d871360ac7612aae64b71e4b9d,SECTOR_PERFORMANCE,SECTOR_PERFORMANCE_REVIEW,Dec 2020,,,,CURRENT,DUP_001,,PENDING,44,0,0,,0.1.0,2026-09-12T12:21:26.673995+00:00,HIGH,
SRC_0003,CompleteReviewReportDec2023.pdf,Primary datasets\CompleteReviewReportDec2023.pdf,pdf,4954555,8cd18bc8caa37aac5279a9a6b9cb9f5b114dfd337db2fce9d765ed59aec03b0f,SECTOR_PERFORMANCE,SECTOR_PERFORMANCE_REVIEW,Dec 2023,,,,CURRENT,DUP_002,,PENDING,49,0,0,,0.1.0,2026-09-12T12:21:26.713079+00:00,HIGH,
SRC_0004,CompleteReviewReportFeb2021.pdf,Primary datasets\CompleteReviewReportFeb2021.pdf,pdf,13715859,6d0aa36fa3ad4e1a93ecc8a0eb60a9a595c06123501389e91a7b82606d9b7cf3,SECTOR_PERFORMANCE,SECTOR_PERFORMANCE_REVIEW,Feb 2021,,,,CURRENT,DUP_003,,PENDING,44,0,0,,0.1.0,2026-09-12T12:21:26.765627+00:00,HIGH,
SRC_0005,CompleteReviewReportJan2021.pdf,Primary datasets\CompleteReviewReportJan2021.pdf,pdf,10109296,b79ba2f9a7681ed1095de0f033b18cfe69b73383d4725dfdcfe43b49e4141d2c,SECTOR_PERFORMANCE,SECTOR_PERFORMANCE_REVIEW,Jan 2021,,,,CURRENT,DUP_004,,PENDING,44,0,0,,0.1.0,2026-09-12T12:21:26.814467+00:00,HIGH,
SRC_0006,CompleteReviewReportJuly2025.pdf,Primary datasets\CompleteReviewReportJuly2025.pdf,pdf,4161773,0b1f333c3bef2d82b1e5aac2b5c05722110e058f12616a6d9e7051e4b752177b,SECTOR_PERFORMANCE,SECTOR_PERFORMANCE_REVIEW,July 2025,,,,CURRENT,,,PENDING,56,0,0,,0.1.0,2026-09-12T12:21:26.867690+00:00,HIGH,
SRC_0007,CompleteReviewReportJune2025.pdf,Primary datasets\CompleteReviewReportJune2025.pdf,pdf,4168757,1006e89776e76096ce749557d1a6b8d8ad05d2297d6807395bba560b991bf6b6,SECTOR_PERFORMANCE,SECTOR_PERFORMANCE_REVIEW,June 2025,,,,CURRENT,,,PENDING,50,0,0,,0.1.0,2026-09-12T12:21:26.912873+00:00,HIGH,
SRC_0008,CompleteReviewReportMarch2025.pdf,Primary datasets\CompleteReviewReportMarch2025.pdf,pdf,4550305,eec39ba3b6e0c7d92994e26c788de0a7937cd841e40b3ca7aa48052cdb1b14ab,SECTOR_PERFORMANCE,SECTOR_PERFORMANCE_REVIEW,March 2025,,,,CURRENT,DUP_005,,PENDING,47,0,0,,0.1.0,2026-09-12T12:21:26.945615+00:00,HIGH,
SRC_0009,FlashReport_April2026 (2).pdf,Primary datasets\FlashReport_April2026 (2).pdf,pdf,3215216,90a6959e976da6928440efdea9c68847d1178356e4c0ebd078c51026ddb118d5,PROJECT_MONITORING,FLASH_REPORT,April 2026,,,,CURRENT,DUP_006,,PENDING,163,0,0,,0.1.0,2026-09-12T12:21:26.951235+00:00,HIGH,
SRC_0010,FlashReport_August_2025.pdf,Primary datasets\FlashReport_August_2025.pdf,pdf,5791675,7b28c68ca1fd697f2856fa4b5c79b5c26fa6e8f0be4d0897cc105958e01bf2c8,PROJECT_MONITORING,FLASH_REPORT,August 2025,,,,CURRENT,,,PENDING,67,0,0,,0.1.0,2026-09-12T12:21:26.985758+00:00,HIGH,
SRC_0011,FlashReport_December_2025.pdf,Primary datasets\FlashReport_December_2025.pdf,pdf,6398361,07f56e5457c63192ae7b5b4036f975f7eb058a3364a25a87cdc6ce2369082401,PROJECT_MONITORING,FLASH_REPORT,December 2025,,,,CURRENT,,,PENDING,108,0,0,,0.1.0,2026-09-12T12:21:27.020427+00:00,HIGH,
SRC_0012,FlashReport_February_2026.pdf,Primary datasets\FlashReport_February_2026.pdf,pdf,6738453,f29010c2d69ca185c8f36e6d8539d460b4ebe81753994dd21fbe63e057817df9,PROJECT_MONITORING,FLASH_REPORT,February 2026,,,,CURRENT,,,PENDING,168,0,0,,0.1.0,2026-09-12T12:21:27.056940+00:00,HIGH,
SRC_0013,FlashReport_January_2026.pdf,Primary datasets\FlashReport_January_2026.pdf,pdf,6544662,9c043ad4a0acb01dd6f00fe2dbca60f812ffa981daa5143b24f7c5ec37f64c83,PROJECT_MONITORING,FLASH_REPORT,January 2026,,,,CURRENT,,,PENDING,134,0,0,,0.1.0,2026-09-12T12:21:27.119603+00:00,HIGH,
SRC_0014,FlashReport_July_2025.pdf,Primary datasets\FlashReport_July_2025.pdf,pdf,5823487,1064c963c8afacf903ad9cc876fa3615c4b4b28ccdae920a8ff392af37111508,PROJECT_MONITORING,FLASH_REPORT,July 2025,,,,CURRENT,,,PENDING,67,0,0,,0.1.0,2026-09-12T12:21:27.153872+00:00,HIGH,
SRC_0015,FlashReport_July_2026 (2).pdf,Primary datasets\FlashReport_July_2026 (2).pdf,pdf,5237660,7201db10769fb541aa66651097a29277ea86637ed9e71c7264ceb64d5af216a5,PROJECT_MONITORING,FLASH_REPORT,July 2026,,,,CURRENT,DUP_007,,PENDING,153,0,0,,0.1.0,2026-09-12T12:21:27.212746+00:00,HIGH,
SRC_0016,FlashReport_June_2026 (1).pdf,Primary datasets\FlashReport_June_2026 (1).pdf,pdf,5242199,6dc3e6bd73d190e495fff1aa00c4d504e2f4a078951cf2d8021e6761641cb739,PROJECT_MONITORING,FLASH_REPORT,June 2026,,,,CURRENT,DUP_008,,PENDING,161,0,0,,0.1.0,2026-09-12T12:21:27.277937+00:00,HIGH,
SRC_0017,FlashReport_March_2026.pdf,Primary datasets\FlashReport_March_2026.pdf,pdf,6827436,e10411522bbc6caec5f3ef143c8399ad71221ac232e19410c1dfe87eb5c90253,PROJECT_MONITORING,FLASH_REPORT,March 2026,,,,CURRENT,,,PENDING,157,0,0,,0.1.0,2026-09-12T12:21:27.318628+00:00,HIGH,
SRC_0018,FlashReport_May2026 (1).pdf,Primary datasets\FlashReport_May2026 (1).pdf,pdf,3217996,480d98632cd1b1d4fe70b58a5a753924b2735b0135e7c8507c1ec05ff2ddf005,PROJECT_MONITORING,FLASH_REPORT,May 2026,,,,CURRENT,DUP_009,,PENDING,163,0,0,,0.1.0,2026-09-12T12:21:27.349419+00:00,HIGH,
SRC_0019,FlashReport_November_2025.pdf,Primary datasets\FlashReport_November_2025.pdf,pdf,5845019,db9e2eff8a2ecc21285280fd85dfbb4df9ef99cbda74987ccd4a3edcbff28eb9,PROJECT_MONITORING,FLASH_REPORT,November 2025,,,,CURRENT,,,PENDING,73,0,0,,0.1.0,2026-09-12T12:21:27.387278+00:00,HIGH,
SRC_0020,FlashReport_October_2025.pdf,Primary datasets\FlashReport_October_2025.pdf,pdf,5928547,4817bb54e983b63233e4538fb2e7adf80c6204a2a976021a71d126e9003edbc3,PROJECT_MONITORING,FLASH_REPORT,October 2025,,,,CURRENT,,,PENDING,73,0,0,,0.1.0,2026-09-12T12:21:27.425429+00:00,HIGH,
SRC_0021,FlashReport_September_2025.pdf,Primary datasets\FlashReport_September_2025.pdf,pdf,6007329,520f100f2752c07c7d8e1180cce2258a6966d21b6e37fcbecca0b098835ef318,PROJECT_MONITORING,FLASH_REPORT,September 2025,,,,CURRENT,,,PENDING,72,0,0,,0.1.0,2026-09-12T12:21:27.464975+00:00,HIGH,
SRC_0022,FR_JUNE_2025.pdf,Primary datasets\FR_JUNE_2025.pdf,pdf,14003041,7f37c63abe9f92d8db6513ad68d91b5c172c9c27454f45691f53fff7ebb2a754,PROJECT_MONITORING,FLASH_REPORT,June 2025,,,,CURRENT,,,PENDING,234,0,0,,0.1.0,2026-09-12T12:21:27.512708+00:00,HIGH,
SRC_0023,FR_May2025.pdf,Primary datasets\FR_May2025.pdf,pdf,9995553,1326fc47d272e8f2225db45645bd1dd4eacee1ab4a15bff8a1f6edfc70b45171,PROJECT_MONITORING,FLASH_REPORT,May 2025,,,,CURRENT,,,PENDING,212,0,0,,0.1.0,2026-09-12T12:21:27.547266+00:00,HIGH,
SRC_0024,FRApril2025.pdf,Primary datasets\FRApril2025.pdf,pdf,10264807,58049244170b9d8c0588ccf660e79e7b56bfc7e60a333f784e6e08392cf81eef,PROJECT_MONITORING,FLASH_REPORT,April 2025,,,,CURRENT,,,PENDING,273,0,0,,0.1.0,2026-09-12T12:21:27.586380+00:00,HIGH,
SRC_0025,QPISR_QR_1st_2025-26.pdf,Primary datasets\QPISR_QR_1st_2025-26.pdf,pdf,7285075,5363459134f4c8438c63b09a5487325d873d2310a9492a9fdf626657773bf640,PROJECT_MONITORING,QPISR,,,,,CURRENT,,,PENDING,261,0,0,,0.1.0,2026-09-12T12:21:27.598815+00:00,HIGH,
SRC_0026,Review Report Dec 25.pdf,Primary datasets\Review Report Dec 25.pdf,pdf,5290644,99d0b238cd5bf49552e7615ac7c482d5c2cc649c50b5d7c9c889d9471762a216,UNKNOWN,UNKNOWN,Dec,,,,CURRENT,,,PENDING,59,0,0,,0.1.0,2026-09-12T12:21:27.649716+00:00,HIGH,
SRC_0027,Review Report Jan26.pdf,Primary datasets\Review Report Jan26.pdf,pdf,5216018,a05815166a432d5c01f7b6dbd44148d60161e61217f0056d4dc101bcf77b992f,UNKNOWN,UNKNOWN,Jan,,,,CURRENT,,,PENDING,56,0,0,,0.1.0,2026-09-12T12:21:27.685049+00:00,HIGH,
SRC_0028,ReviewReportNov25.pdf,Primary datasets\ReviewReportNov25.pdf,pdf,4053211,36df715a0499360706e5a1af2d923a362cfa70bdf3de029dc4a47d628e5f175a,SECTOR_PERFORMANCE,SECTOR_PERFORMANCE_REVIEW,Nov,,,,CURRENT,,,PENDING,60,0,0,,0.1.0,2026-09-12T12:21:27.711533+00:00,HIGH,
SRC_0029,ReviewReportOct25.pdf,Primary datasets\ReviewReportOct25.pdf,pdf,3084453,e8dcce211b9e8ac02c2edbb6e863271939a9198aad758494d65949a78e788810,SECTOR_PERFORMANCE,SECTOR_PERFORMANCE_REVIEW,Oct,,,,CURRENT,,,PENDING,58,0,0,,0.1.0,2026-09-12T12:21:27.722516+00:00,HIGH,
SRC_0030,ReviewReportSep25.pdf,Primary datasets\ReviewReportSep25.pdf,pdf,5657875,a932cb0ed14ae5521cbb0cb55e35d8cfd928c855bf6dfd5e7b924dbc44dd47fb,SECTOR_PERFORMANCE,SECTOR_PERFORMANCE_REVIEW,Sep,,,,CURRENT,,,PENDING,64,0,0,,0.1.0,2026-09-12T12:21:27.769345+00:00,HIGH,
SRC_0031,CompleteReviewReportApr2018.pdf,Secondary dataset\paimana secondary dataset performance monitoring archival data\CompleteReviewReportApr2018.pdf,pdf,2906594,4db8d72815eb45c537953c06a5c92d6425689da08b38c38080378c65d55789f7,SECTOR_PERFORMANCE,SECTOR_PERFORMANCE_REVIEW,Apr 2018,,,,HISTORICAL,DUP_010,,PENDING,33,0,0,,0.1.0,2026-09-12T12:21:27.823833+00:00,HIGH,
SRC_0032,CompleteReviewReportApril2015.pdf,Secondary dataset\paimana secondary dataset performance monitoring archival data\CompleteReviewReportApril2015.pdf,pdf,865023,32e8f792c7457db2a03e32a491b6a84ce6eeac7577f5b96c0fd98b620dcc2ace,SECTOR_PERFORMANCE,SECTOR_PERFORMANCE_REVIEW,April 2015,,,,HISTORICAL,DUP_011,,PENDING,26,0,0,,0.1.0,2026-09-12T12:21:27.862372+00:00,HIGH,
SRC_0033,CompleteReviewReportApril2016.pdf,Secondary dataset\paimana secondary dataset performance monitoring archival data\CompleteReviewReportApril2016.pdf,pdf,578078,acd52436ef938be7b9961487dcc390f88ca04b890ce54ded1d3aa33297b70650,SECTOR_PERFORMANCE,SECTOR_PERFORMANCE_REVIEW,April 2016,,,,HISTORICAL,DUP_012,,PENDING,25,0,0,,0.1.0,2026-09-12T12:21:27.902910+00:00,HIGH,
SRC_0034,CompleteReviewReportApril2017.pdf,Secondary dataset\paimana secondary dataset performance monitoring archival data\CompleteReviewReportApril2017.pdf,pdf,4103056,b30c2224f6964d939c538a1047da160d232aef2ee9dd0eb62ba5d6db50c1ab68,SECTOR_PERFORMANCE,SECTOR_PERFORMANCE_REVIEW,April 2017,,,,HISTORICAL,DUP_013,,PENDING,29,0,0,,0.1.0,2026-09-12T12:21:27.944096+00:00,HIGH,
SRC_0035,CompleteReviewReportApril2020.pdf,Secondary dataset\paimana secondary dataset performance monitoring archival data\CompleteReviewReportApril2020.pdf,pdf,1114771,db0775bf21e1c388356fb330cda8434f040d832cda8ac2c4170acf273ce2b680,SECTOR_PERFORMANCE,SECTOR_PERFORMANCE_REVIEW,April 2020,,,,HISTORICAL,DUP_014,,PENDING,37,0,0,,0.1.0,2026-09-12T12:21:27.977360+00:00,HIGH,
SRC_0036,CompleteReviewReportAug2018.pdf,Secondary dataset\paimana secondary dataset performance monitoring archival data\CompleteReviewReportAug2018.pdf,pdf,2707728,f85efe509f9d8f7208f07f1331c35014f90aeec0c423b69c4073966f6ee19d85,SECTOR_PERFORMANCE,SECTOR_PERFORMANCE_REVIEW,Aug 2018,,,,HISTORICAL,DUP_015,,PENDING,47,0,0,,0.1.0,2026-09-12T12:21:28.025446+00:00,HIGH,
SRC_0037,CompleteReviewReportAug2019.pdf,Secondary dataset\paimana secondary dataset performance monitoring archival data\CompleteReviewReportAug2019.pdf,pdf,1190115,491669ba17d7b4fa2116a556daa97ba04863dc202c9301d525705b0ade0f960e,SECTOR_PERFORMANCE,SECTOR_PERFORMANCE_REVIEW,Aug 2019,,,,HISTORICAL,DUP_016,,PENDING,46,0,0,,0.1.0,2026-09-12T12:21:28.059685+00:00,HIGH,
SRC_0038,CompleteReviewReportAug2020.pdf,Secondary dataset\paimana secondary dataset performance monitoring archival data\CompleteReviewReportAug2020.pdf,pdf,6678710,dd2a56db25a22f9d555d8856460fdc3e465981dd064d1562773a5687e7fa1c46,SECTOR_PERFORMANCE,SECTOR_PERFORMANCE_REVIEW,Aug 2020,,,,HISTORICAL,DUP_017,,PENDING,44,0,0,,0.1.0,2026-09-12T12:21:28.097002+00:00,HIGH,
SRC_0039,CompleteReviewReportAugust2015.pdf,Secondary dataset\paimana secondary dataset performance monitoring archival data\CompleteReviewReportAugust2015.pdf,pdf,1418547,336deb9e47860dd4d12dd99c8d77a47a1a4a215471bb8a88167eec60b2954235,SECTOR_PERFORMANCE,SECTOR_PERFORMANCE_REVIEW,August 2015,,,,HISTORICAL,DUP_018,,PENDING,39,0,0,,0.1.0,2026-09-12T12:21:28.130215+00:00,HIGH,
SRC_0040,CompleteReviewReportAugust2016.pdf,Secondary dataset\paimana secondary dataset performance monitoring archival data\CompleteReviewReportAugust2016.pdf,pdf,1722225,e6ba5275393023d1fca4e761167588c933f22df987ce4d8ab0066fcfc4d34745,SECTOR_PERFORMANCE,SECTOR_PERFORMANCE_REVIEW,August 2016,,,,HISTORICAL,DUP_019,,PENDING,42,0,0,,0.1.0,2026-09-12T12:21:28.151940+00:00,HIGH,
SRC_0041,CompleteReviewReportAugust2017.pdf,Secondary dataset\paimana secondary dataset performance monitoring archival data\CompleteReviewReportAugust2017.pdf,pdf,649513,197b04ff26d68b1bcca680d4011db321ea583354e4aadadc05ac734415c58d18,SECTOR_PERFORMANCE,SECTOR_PERFORMANCE_REVIEW,August 2017,,,,HISTORICAL,DUP_020,,PENDING,42,0,0,,0.1.0,2026-09-12T12:21:28.173367+00:00,HIGH,
SRC_0042,CompleteReviewReportDec2017.pdf,Secondary dataset\paimana secondary dataset performance monitoring archival data\CompleteReviewReportDec2017.pdf,pdf,1100180,cd4a6e2594f9c77060051d67d4272f3e2aeefd6106737e97f75b436cfa1cbe76,SECTOR_PERFORMANCE,SECTOR_PERFORMANCE_REVIEW,Dec 2017,,,,HISTORICAL,DUP_021,,PENDING,47,0,0,,0.1.0,2026-09-12T12:21:28.197844+00:00,HIGH,
SRC_0043,CompleteReviewReportDec2018.pdf,Secondary dataset\paimana secondary dataset performance monitoring archival data\CompleteReviewReportDec2018.pdf,pdf,832653,7e7c4d605ede97cf25cf06a3114c5deaa4233280336010994a5a9e27e4edaad5,SECTOR_PERFORMANCE,SECTOR_PERFORMANCE_REVIEW,Dec 2018,,,,HISTORICAL,DUP_022,,PENDING,46,0,0,,0.1.0,2026-09-12T12:21:28.226275+00:00,HIGH,
SRC_0044,CompleteReviewReportDec2019.pdf,Secondary dataset\paimana secondary dataset performance monitoring archival data\CompleteReviewReportDec2019.pdf,pdf,1566585,f64924b0939762a14958a3bea7b17ca5503933cd8aa1b42005c1e62f5afd0553,SECTOR_PERFORMANCE,SECTOR_PERFORMANCE_REVIEW,Dec 2019,,,,HISTORICAL,DUP_023,,PENDING,47,0,0,,0.1.0,2026-09-12T12:21:28.254733+00:00,HIGH,
SRC_0045,CompleteReviewReportDec2020.pdf,Secondary dataset\paimana secondary dataset performance monitoring archival data\CompleteReviewReportDec2020.pdf,pdf,9189120,632ce703e074de6120a681692b9733b2ff77b6d871360ac7612aae64b71e4b9d,SECTOR_PERFORMANCE,SECTOR_PERFORMANCE_REVIEW,Dec 2020,,,,HISTORICAL,DUP_001,,PENDING,44,0,0,,0.1.0,2026-09-12T12:21:28.301445+00:00,HIGH,
SRC_0046,CompleteReviewReportDec2023.pdf,Secondary dataset\paimana secondary dataset performance monitoring archival data\CompleteReviewReportDec2023.pdf,pdf,4954555,8cd18bc8caa37aac5279a9a6b9cb9f5b114dfd337db2fce9d765ed59aec03b0f,SECTOR_PERFORMANCE,SECTOR_PERFORMANCE_REVIEW,Dec 2023,,,,HISTORICAL,DUP_002,,PENDING,49,0,0,,0.1.0,2026-09-12T12:21:28.344453+00:00,HIGH,
SRC_0047,CompleteReviewReportDecember2015.pdf,Secondary dataset\paimana secondary dataset performance monitoring archival data\CompleteReviewReportDecember2015.pdf,pdf,702794,179d7e8f30643495ed8385ad7bcccdeae0a70cfede3e61f82fb3f6bfedacd214,SECTOR_PERFORMANCE,SECTOR_PERFORMANCE_REVIEW,December 2015,,,,HISTORICAL,DUP_024,,PENDING,38,0,0,,0.1.0,2026-09-12T12:21:28.362893+00:00,HIGH,
SRC_0048,CompleteReviewReportDecember2016.pdf,Secondary dataset\paimana secondary dataset performance monitoring archival data\CompleteReviewReportDecember2016.pdf,pdf,2932555,cafc2eeb3ba05ee9d788a9f2e7bc676a4e9e13830cef1e47e743f4e9f7a3c3cc,SECTOR_PERFORMANCE,SECTOR_PERFORMANCE_REVIEW,December 2016,,,,HISTORICAL,DUP_025,,PENDING,42,0,0,,0.1.0,2026-09-12T12:21:28.397736+00:00,HIGH,
SRC_0049,CompleteReviewReportFeb2019.pdf,Secondary dataset\paimana secondary dataset performance monitoring archival data\CompleteReviewReportFeb2019.pdf,pdf,1139122,0bdbd44a5a97d391df45a87074518a0b4b1e992a6d3ff85a4fc08f6a2968bde8,SECTOR_PERFORMANCE,SECTOR_PERFORMANCE_REVIEW,Feb 2019,,,,HISTORICAL,DUP_026,,PENDING,46,0,0,,0.1.0,2026-09-12T12:21:28.417944+00:00,HIGH,
SRC_0050,CompleteReviewReportFeb2020.pdf,Secondary dataset\paimana secondary dataset performance monitoring archival data\CompleteReviewReportFeb2020.pdf,pdf,1208953,16f008b53af4fb0f09c83baf0690bccce6e9c7919d3688ffeaaeda61fd53951f,SECTOR_PERFORMANCE,SECTOR_PERFORMANCE_REVIEW,Feb 2020,,,,HISTORICAL,DUP_027,,PENDING,47,0,0,,0.1.0,2026-09-12T12:21:28.444087+00:00,HIGH,
SRC_0051,CompleteReviewReportFeb2021.pdf,Secondary dataset\paimana secondary dataset performance monitoring archival data\CompleteReviewReportFeb2021.pdf,pdf,13715859,6d0aa36fa3ad4e1a93ecc8a0eb60a9a595c06123501389e91a7b82606d9b7cf3,SECTOR_PERFORMANCE,SECTOR_PERFORMANCE_REVIEW,Feb 2021,,,,HISTORICAL,DUP_003,,PENDING,44,0,0,,0.1.0,2026-09-12T12:21:28.487811+00:00,HIGH,
SRC_0052,CompleteReviewReportFebruary2016.pdf,Secondary dataset\paimana secondary dataset performance monitoring archival data\CompleteReviewReportFebruary2016.pdf,pdf,1117668,8abf83d1e07867166ba7de00bf8b153420f21142d68e4c9daef2e9c284f09906,SECTOR_PERFORMANCE,SECTOR_PERFORMANCE_REVIEW,February 2016,,,,HISTORICAL,DUP_028,,PENDING,38,0,0,,0.1.0,2026-09-12T12:21:28.518573+00:00,HIGH,
SRC_0053,CompleteReviewReportFebruary2017.pdf,Secondary dataset\paimana secondary dataset performance monitoring archival data\CompleteReviewReportFebruary2017.pdf,pdf,5621647,6b6848297a5795d6304771e7d1a26cafdf74aa111c9f39a3a389149fced633b9,SECTOR_PERFORMANCE,SECTOR_PERFORMANCE_REVIEW,February 2017,,,,HISTORICAL,DUP_029,,PENDING,42,0,0,,0.1.0,2026-09-12T12:21:28.577586+00:00,HIGH,
SRC_0054,CompleteReviewReportFev2018.pdf,Secondary dataset\paimana secondary dataset performance monitoring archival data\CompleteReviewReportFev2018.pdf,pdf,674628,5e8ebd49fa7b6a54c8538347b2fd05293ab9e3c6856fd6dbb8d1c23941307699,SECTOR_PERFORMANCE,SECTOR_PERFORMANCE_REVIEW,,,,,HISTORICAL,DUP_030,,PENDING,47,0,0,,0.1.0,2026-09-12T12:21:28.609305+00:00,HIGH,
SRC_0055,CompleteReviewReportJan2018.pdf,Secondary dataset\paimana secondary dataset performance monitoring archival data\CompleteReviewReportJan2018.pdf,pdf,1711411,df386081871454711e0dc1cc1b417e44fcd8ebe867d4aca77d9a1eeee16aed82,SECTOR_PERFORMANCE,SECTOR_PERFORMANCE_REVIEW,Jan 2018,,,,HISTORICAL,DUP_031,,PENDING,47,0,0,,0.1.0,2026-09-12T12:21:28.652813+00:00,HIGH,
SRC_0056,CompleteReviewReportJan2019.pdf,Secondary dataset\paimana secondary dataset performance monitoring archival data\CompleteReviewReportJan2019.pdf,pdf,922975,5db9dc9b75e8fa9224cefac7a008e936423a5751b2f247ad96affa2146aa2f51,SECTOR_PERFORMANCE,SECTOR_PERFORMANCE_REVIEW,Jan 2019,,,,HISTORICAL,DUP_032,,PENDING,46,0,0,,0.1.0,2026-09-12T12:21:28.700504+00:00,HIGH,
SRC_0057,CompleteReviewReportJan2020.pdf,Secondary dataset\paimana secondary dataset performance monitoring archival data\CompleteReviewReportJan2020.pdf,pdf,1248943,7c1da3144b53ca2a646d323023c1254ac693330722974ae29e22d52a86d5e9e8,SECTOR_PERFORMANCE,SECTOR_PERFORMANCE_REVIEW,Jan 2020,,,,HISTORICAL,DUP_033,,PENDING,46,0,0,,0.1.0,2026-09-12T12:21:28.730504+00:00,HIGH,
SRC_0058,CompleteReviewReportJan2021.pdf,Secondary dataset\paimana secondary dataset performance monitoring archival data\CompleteReviewReportJan2021.pdf,pdf,10109296,b79ba2f9a7681ed1095de0f033b18cfe69b73383d4725dfdcfe43b49e4141d2c,SECTOR_PERFORMANCE,SECTOR_PERFORMANCE_REVIEW,Jan 2021,,,,HISTORICAL,DUP_004,,PENDING,44,0,0,,0.1.0,2026-09-12T12:21:28.780477+00:00,HIGH,
SRC_0059,CompleteReviewReportJanuary2016.pdf,Secondary dataset\paimana secondary dataset performance monitoring archival data\CompleteReviewReportJanuary2016.pdf,pdf,898594,e9a165838deceb095324d41dec56a56b22d62fd32317f5a3c4e45c7aa2938972,SECTOR_PERFORMANCE,SECTOR_PERFORMANCE_REVIEW,January 2016,,,,HISTORICAL,DUP_034,,PENDING,38,0,0,,0.1.0,2026-09-12T12:21:28.804498+00:00,HIGH,
SRC_0060,CompleteReviewReportJanuary2017.pdf,Secondary dataset\paimana secondary dataset performance monitoring archival data\CompleteReviewReportJanuary2017.pdf,pdf,2927109,87fc17116bf472ea61644aa7df65487698b81a261c1af2b5098b2bc400617ed0,SECTOR_PERFORMANCE,SECTOR_PERFORMANCE_REVIEW,January 2017,,,,HISTORICAL,DUP_035,,PENDING,42,0,0,,0.1.0,2026-09-12T12:21:28.849249+00:00,HIGH,
SRC_0061,CompleteReviewReportJuly2015.pdf,Secondary dataset\paimana secondary dataset performance monitoring archival data\CompleteReviewReportJuly2015.pdf,pdf,1416197,3758b6ebe0e3135affa54628a158c8ed940077440bc1c332f5b1321d828aaf1e,SECTOR_PERFORMANCE,SECTOR_PERFORMANCE_REVIEW,July 2015,,,,HISTORICAL,DUP_036,,PENDING,40,0,0,,0.1.0,2026-09-12T12:21:28.895661+00:00,HIGH,
SRC_0062,CompleteReviewReportJuly2016.pdf,Secondary dataset\paimana secondary dataset performance monitoring archival data\CompleteReviewReportJuly2016.pdf,pdf,1390713,455169305e0374ed5fa5c6b06f1622886f8dc0a0bcdeab6f5967fb17795bb08d,SECTOR_PERFORMANCE,SECTOR_PERFORMANCE_REVIEW,July 2016,,,,HISTORICAL,DUP_037,,PENDING,41,0,0,,0.1.0,2026-09-12T12:21:28.925938+00:00,HIGH,
SRC_0063,CompleteReviewReportJuly2017.pdf,Secondary dataset\paimana secondary dataset performance monitoring archival data\CompleteReviewReportJuly2017.pdf,pdf,852197,8ea1050cdf005d3ca5b43c038dd65331853e2212e2e4c49a2193f2df656e1ade,SECTOR_PERFORMANCE,SECTOR_PERFORMANCE_REVIEW,July 2017,,,,HISTORICAL,DUP_038,,PENDING,42,0,0,,0.1.0,2026-09-12T12:21:28.969516+00:00,HIGH,
SRC_0064,CompleteReviewReportJuly2018.pdf,Secondary dataset\paimana secondary dataset performance monitoring archival data\CompleteReviewReportJuly2018.pdf,pdf,3155732,54b042a49180811dd0d10fec605f2f3868df37532eb665d29fd68e44ba8c094d,SECTOR_PERFORMANCE,SECTOR_PERFORMANCE_REVIEW,July 2018,,,,HISTORICAL,DUP_039,,PENDING,47,0,0,,0.1.0,2026-09-12T12:21:29.053562+00:00,HIGH,
SRC_0065,CompleteReviewReportJuly2019.pdf,Secondary dataset\paimana secondary dataset performance monitoring archival data\CompleteReviewReportJuly2019.pdf,pdf,1246308,cf1f09d1f10a85a2d639f1a58e0ed8f0003cc411c00237c43ec416ba71bbf3f0,SECTOR_PERFORMANCE,SECTOR_PERFORMANCE_REVIEW,July 2019,,,,HISTORICAL,DUP_040,,PENDING,46,0,0,,0.1.0,2026-09-12T12:21:29.105807+00:00,HIGH,
SRC_0066,CompleteReviewReportJuly2020.pdf,Secondary dataset\paimana secondary dataset performance monitoring archival data\CompleteReviewReportJuly2020.pdf,pdf,2171175,dfd417dce9518ab70a6c9bc8101c2f3d2bd30e35400c74087475ebaa819abf49,SECTOR_PERFORMANCE,SECTOR_PERFORMANCE_REVIEW,July 2020,,,,HISTORICAL,DUP_041,,PENDING,44,0,0,,0.1.0,2026-09-12T12:21:29.160269+00:00,HIGH,
SRC_0067,CompleteReviewReportJun2018.pdf,Secondary dataset\paimana secondary dataset performance monitoring archival data\CompleteReviewReportJun2018.pdf,pdf,4271824,2fc8fd58ef776ed0fe1f81a4be6cf774979d402f817bd7b938b5858aa0183b27,SECTOR_PERFORMANCE,SECTOR_PERFORMANCE_REVIEW,Jun 2018,,,,HISTORICAL,DUP_042,,PENDING,47,0,0,,0.1.0,2026-09-12T12:21:29.316898+00:00,HIGH,
SRC_0068,CompleteReviewReportJun2019.pdf,Secondary dataset\paimana secondary dataset performance monitoring archival data\CompleteReviewReportJun2019.pdf,pdf,1127270,5659fb387c5cc8544983a2ca301990567985f9f52d103daf2fda6a78d3e2f479,SECTOR_PERFORMANCE,SECTOR_PERFORMANCE_REVIEW,Jun 2019,,,,HISTORICAL,DUP_043,,PENDING,46,0,0,,0.1.0,2026-09-12T12:21:29.364664+00:00,HIGH,
SRC_0069,CompleteReviewReportJun2020.pdf,Secondary dataset\paimana secondary dataset performance monitoring archival data\CompleteReviewReportJun2020.pdf,pdf,2155532,6966450dda9bf0af241ce467a69e94319d0a063b0e5028f76790a57816ca0122,SECTOR_PERFORMANCE,SECTOR_PERFORMANCE_REVIEW,Jun 2020,,,,HISTORICAL,DUP_044,,PENDING,44,0,0,,0.1.0,2026-09-12T12:21:29.420116+00:00,HIGH,
SRC_0070,CompleteReviewReportJune2015.pdf,Secondary dataset\paimana secondary dataset performance monitoring archival data\CompleteReviewReportJune2015.pdf,pdf,1615170,b7c8a6edf01b1152ee6fc36fec1cb695b5429545a33156f4f6e5aa23d43bc4f2,SECTOR_PERFORMANCE,SECTOR_PERFORMANCE_REVIEW,June 2015,,,,HISTORICAL,DUP_045,,PENDING,35,0,0,,0.1.0,2026-09-12T12:21:29.487464+00:00,HIGH,
SRC_0071,CompleteReviewReportJune2016.pdf,Secondary dataset\paimana secondary dataset performance monitoring archival data\CompleteReviewReportJune2016.pdf,pdf,6825301,a17e169ff55402f03eab09b96d37f80b6d14418d30881f566961c2cc5b034fbb,SECTOR_PERFORMANCE,SECTOR_PERFORMANCE_REVIEW,June 2016,,,,HISTORICAL,DUP_046,,PENDING,41,0,0,,0.1.0,2026-09-12T12:21:29.546949+00:00,HIGH,
SRC_0072,CompleteReviewReportJune2017.pdf,Secondary dataset\paimana secondary dataset performance monitoring archival data\CompleteReviewReportJune2017.pdf,pdf,989428,959535afbe6045d14cf5d9585db0795678041f6f3b766f4f95397ac367ca3e21,SECTOR_PERFORMANCE,SECTOR_PERFORMANCE_REVIEW,June 2017,,,,HISTORICAL,DUP_047,,PENDING,42,0,0,,0.1.0,2026-09-12T12:21:29.598976+00:00,HIGH,
SRC_0073,CompleteReviewReportMar2018.pdf,Secondary dataset\paimana secondary dataset performance monitoring archival data\CompleteReviewReportMar2018.pdf,pdf,676259,d2a7f614fbaad1137c4add46a7b77b6cbfe825780103960e825508ed33daadc4,SECTOR_PERFORMANCE,SECTOR_PERFORMANCE_REVIEW,Mar 2018,,,,HISTORICAL,DUP_048,,PENDING,47,0,0,,0.1.0,2026-09-12T12:21:29.639518+00:00,HIGH,
SRC_0074,CompleteReviewReportMar2019.pdf,Secondary dataset\paimana secondary dataset performance monitoring archival data\CompleteReviewReportMar2019.pdf,pdf,1252017,ed1bb96fa3a87bf3435ed8c4c4a9ce436237a1bcf37cc52b8eaf8eb339f70a21,SECTOR_PERFORMANCE,SECTOR_PERFORMANCE_REVIEW,Mar 2019,,,,HISTORICAL,DUP_049,,PENDING,46,0,0,,0.1.0,2026-09-12T12:21:29.701239+00:00,HIGH,
SRC_0075,CompleteReviewReportMar2021.pdf,Secondary dataset\paimana secondary dataset performance monitoring archival data\CompleteReviewReportMar2021.pdf,pdf,6819170,e8221a587b8b4a48755402b86dd6614651ca72116ea25e9670fa8bc00bbf16a6,SECTOR_PERFORMANCE,SECTOR_PERFORMANCE_REVIEW,Mar 2021,,,,HISTORICAL,DUP_050,,PENDING,44,0,0,,0.1.0,2026-09-12T12:21:30.020709+00:00,HIGH,
SRC_0076,CompleteReviewReportMarch2016.pdf,Secondary dataset\paimana secondary dataset performance monitoring archival data\CompleteReviewReportMarch2016.pdf,pdf,734927,0788cc998ad28f2869ba98f2e87c5831bc8230e070a359795398d1190baf7b65,SECTOR_PERFORMANCE,SECTOR_PERFORMANCE_REVIEW,March 2016,,,,HISTORICAL,DUP_051,,PENDING,38,0,0,,0.1.0,2026-09-12T12:21:30.057602+00:00,HIGH,
SRC_0077,CompleteReviewReportMarch2017.pdf,Secondary dataset\paimana secondary dataset performance monitoring archival data\CompleteReviewReportMarch2017.pdf,pdf,5412912,8acf3867d6b517c15df1aca8e5e0c60165231b2f01cc4a32d2988733622b1ac6,SECTOR_PERFORMANCE,SECTOR_PERFORMANCE_REVIEW,March 2017,,,,HISTORICAL,DUP_052,,PENDING,42,0,0,,0.1.0,2026-09-12T12:21:30.122682+00:00,HIGH,
SRC_0078,CompleteReviewReportMarch2020.pdf,Secondary dataset\paimana secondary dataset performance monitoring archival data\CompleteReviewReportMarch2020.pdf,pdf,1006121,80788913b9d70644e82165241553bc2abc953704e75587e087e98caa421af661,SECTOR_PERFORMANCE,SECTOR_PERFORMANCE_REVIEW,March 2020,,,,HISTORICAL,DUP_053,,PENDING,46,0,0,,0.1.0,2026-09-12T12:21:30.221086+00:00,HIGH,
SRC_0079,CompleteReviewReportMarch2025 (1).pdf,Secondary dataset\paimana secondary dataset performance monitoring archival data\CompleteReviewReportMarch2025 (1).pdf,pdf,4550305,eec39ba3b6e0c7d92994e26c788de0a7937cd841e40b3ca7aa48052cdb1b14ab,SECTOR_PERFORMANCE,SECTOR_PERFORMANCE_REVIEW,March 2025,,,,HISTORICAL,DUP_005,,PENDING,47,0,0,,0.1.0,2026-09-12T12:21:30.293576+00:00,HIGH,
SRC_0080,CompleteReviewReportMarch2025.pdf,Secondary dataset\paimana secondary dataset performance monitoring archival data\CompleteReviewReportMarch2025.pdf,pdf,4550305,eec39ba3b6e0c7d92994e26c788de0a7937cd841e40b3ca7aa48052cdb1b14ab,SECTOR_PERFORMANCE,SECTOR_PERFORMANCE_REVIEW,March 2025,,,,HISTORICAL,DUP_005,,PENDING,47,0,0,,0.1.0,2026-09-12T12:21:30.347504+00:00,HIGH,
SRC_0081,CompleteReviewReportMay2015.pdf,Secondary dataset\paimana secondary dataset performance monitoring archival data\CompleteReviewReportMay2015.pdf,pdf,1469237,d874a3e508a4dbd7b3c46f8d6e26272a48050bb797d220d05716b20ffa6e864f,SECTOR_PERFORMANCE,SECTOR_PERFORMANCE_REVIEW,May 2015,,,,HISTORICAL,DUP_054,,PENDING,38,0,0,,0.1.0,2026-09-12T12:21:30.418076+00:00,HIGH,
SRC_0082,CompleteReviewReportMay2016.pdf,Secondary dataset\paimana secondary dataset performance monitoring archival data\CompleteReviewReportMay2016.pdf,pdf,943853,aa8d581f2ee1717d70265d0fe166e4115846acd9c96c7d55d6ec1e6623c19fe3,SECTOR_PERFORMANCE,SECTOR_PERFORMANCE_REVIEW,May 2016,,,,HISTORICAL,DUP_055,,PENDING,38,0,0,,0.1.0,2026-09-12T12:21:30.462814+00:00,HIGH,
SRC_0083,CompleteReviewReportMay2017.pdf,Secondary dataset\paimana secondary dataset performance monitoring archival data\CompleteReviewReportMay2017.pdf,pdf,4777811,f93ed4505992ee5125106019e1a873b4518b7f9f28d963e82d4ed15f5e177589,SECTOR_PERFORMANCE,SECTOR_PERFORMANCE_REVIEW,May 2017,,,,HISTORICAL,DUP_056,,PENDING,42,0,0,,0.1.0,2026-09-12T12:21:30.529832+00:00,HIGH,
SRC_0084,CompleteReviewReportMay2018.pdf,Secondary dataset\paimana secondary dataset performance monitoring archival data\CompleteReviewReportMay2018.pdf,pdf,5238050,485b1e6f3da4e746e8ccc6865cab64ad509b131eced3fb7be9f0e2126f227a4b,SECTOR_PERFORMANCE,SECTOR_PERFORMANCE_REVIEW,May 2018,,,,HISTORICAL,DUP_057,,PENDING,47,0,0,,0.1.0,2026-09-12T12:21:30.668336+00:00,HIGH,
SRC_0085,CompleteReviewReportMay2019.pdf,Secondary dataset\paimana secondary dataset performance monitoring archival data\CompleteReviewReportMay2019.pdf,pdf,1144890,3e26e50f0b8db0ae731e165e8c84a9358bed584c43e3525d334904b3953e67c9,SECTOR_PERFORMANCE,SECTOR_PERFORMANCE_REVIEW,May 2019,,,,HISTORICAL,DUP_058,,PENDING,46,0,0,,0.1.0,2026-09-12T12:21:30.719538+00:00,HIGH,
SRC_0086,CompleteReviewReportMay2020.pdf,Secondary dataset\paimana secondary dataset performance monitoring archival data\CompleteReviewReportMay2020.pdf,pdf,2156515,aafe97fcdc709364cfa599de1ba2852d7938ac8cc923783dceae931a69596a8e,SECTOR_PERFORMANCE,SECTOR_PERFORMANCE_REVIEW,May 2020,,,,HISTORICAL,DUP_059,,PENDING,43,0,0,,0.1.0,2026-09-12T12:21:30.777316+00:00,HIGH,
SRC_0087,CompleteReviewReportNov2017.pdf,Secondary dataset\paimana secondary dataset performance monitoring archival data\CompleteReviewReportNov2017.pdf,pdf,2109451,d74aa31ee7d84ba107d6abdb9edfc4800eeba1ce0ef2d929eaacff7d26a37611,SECTOR_PERFORMANCE,SECTOR_PERFORMANCE_REVIEW,Nov 2017,,,,HISTORICAL,DUP_060,,PENDING,47,0,0,,0.1.0,2026-09-12T12:21:30.861487+00:00,HIGH,
SRC_0088,CompleteReviewReportNov2018.pdf,Secondary dataset\paimana secondary dataset performance monitoring archival data\CompleteReviewReportNov2018.pdf,pdf,1414918,b2edf2193368e1dbb4a1440877edf079982c8be99156e9358b99e0e8a3f4f35a,SECTOR_PERFORMANCE,SECTOR_PERFORMANCE_REVIEW,Nov 2018,,,,HISTORICAL,DUP_061,,PENDING,46,0,0,,0.1.0,2026-09-12T12:21:30.910845+00:00,HIGH,
SRC_0089,CompleteReviewReportNov2019.pdf,Secondary dataset\paimana secondary dataset performance monitoring archival data\CompleteReviewReportNov2019.pdf,pdf,1205366,0f7489e186af4f9c02bd998f68f98666b0e02663611c84ec4aca99456b13eabe,SECTOR_PERFORMANCE,SECTOR_PERFORMANCE_REVIEW,Nov 2019,,,,HISTORICAL,DUP_062,,PENDING,46,0,0,,0.1.0,2026-09-12T12:21:30.955279+00:00,HIGH,
SRC_0090,CompleteReviewReportNov2020.pdf,Secondary dataset\paimana secondary dataset performance monitoring archival data\CompleteReviewReportNov2020.pdf,pdf,4771556,0898ec6d4b57c3357db47ff4640b346858db1e6f52effc4a2f26aa387c5ada48,SECTOR_PERFORMANCE,SECTOR_PERFORMANCE_REVIEW,Nov 2020,,,,HISTORICAL,DUP_063,,PENDING,44,0,0,,0.1.0,2026-09-12T12:21:31.021210+00:00,HIGH,
SRC_0091,CompleteReviewReportNovember2016.pdf,Secondary dataset\paimana secondary dataset performance monitoring archival data\CompleteReviewReportNovember2016.pdf,pdf,2137200,d75184e96fe99a8932ef720988eb471b73685f9b2ac8aa212045d6d03c268b3d,SECTOR_PERFORMANCE,SECTOR_PERFORMANCE_REVIEW,November 2016,,,,HISTORICAL,DUP_064,,PENDING,41,0,0,,0.1.0,2026-09-12T12:21:31.069351+00:00,HIGH,
SRC_0092,CompleteReviewReportOct2017.pdf,Secondary dataset\paimana secondary dataset performance monitoring archival data\CompleteReviewReportOct2017.pdf,pdf,3912989,75ed7c512a6dda74da74445f2af050d93f8546a0025a4b9a7b74aed5b50a6386,SECTOR_PERFORMANCE,SECTOR_PERFORMANCE_REVIEW,Oct 2017,,,,HISTORICAL,DUP_065,,PENDING,42,0,0,,0.1.0,2026-09-12T12:21:31.126331+00:00,HIGH,
SRC_0093,CompleteReviewReportOct2018.pdf,Secondary dataset\paimana secondary dataset performance monitoring archival data\CompleteReviewReportOct2018.pdf,pdf,1143366,eeec71843c80ed2814f7700aaa246159b291d3876439cd95a674ba61c8e2bbf0,SECTOR_PERFORMANCE,SECTOR_PERFORMANCE_REVIEW,Oct 2018,,,,HISTORICAL,DUP_066,,PENDING,46,0,0,,0.1.0,2026-09-12T12:21:31.182521+00:00,HIGH,
SRC_0094,CompleteReviewReportOct2019.pdf,Secondary dataset\paimana secondary dataset performance monitoring archival data\CompleteReviewReportOct2019.pdf,pdf,1205372,3a3796ad5cf6b8bddcbe053a9ead9027b83d387ba75853b2d50a61fc55d2e15a,SECTOR_PERFORMANCE,SECTOR_PERFORMANCE_REVIEW,Oct 2019,,,,HISTORICAL,DUP_067,,PENDING,46,0,0,,0.1.0,2026-09-12T12:21:31.241918+00:00,HIGH,
SRC_0095,CompleteReviewReportOct2020.pdf,Secondary dataset\paimana secondary dataset performance monitoring archival data\CompleteReviewReportOct2020.pdf,pdf,1558315,9c07e2d3e9b6af9d8800d95c549388e24361574b807ca5c4e93403ef8509d839,SECTOR_PERFORMANCE,SECTOR_PERFORMANCE_REVIEW,Oct 2020,,,,HISTORICAL,DUP_068,,PENDING,43,0,0,,0.1.0,2026-09-12T12:21:31.362471+00:00,HIGH,
SRC_0096,CompleteReviewReportOctober2015.pdf,Secondary dataset\paimana secondary dataset performance monitoring archival data\CompleteReviewReportOctober2015.pdf,pdf,408288,89b36c314f315c702a7a1882641ce379b955a0cc65b21582e6d8b85f4ae05d0d,SECTOR_PERFORMANCE,SECTOR_PERFORMANCE_REVIEW,October 2015,,,,HISTORICAL,DUP_069,,PENDING,40,0,0,,0.1.0,2026-09-12T12:21:31.401077+00:00,HIGH,
SRC_0097,CompleteReviewReportOctober2016.pdf,Secondary dataset\paimana secondary dataset performance monitoring archival data\CompleteReviewReportOctober2016.pdf,pdf,2757503,86933ec6eed2d9d0871a1f4cc86b94dc15d7e94c94f5f3db5b33f634b98d2df4,SECTOR_PERFORMANCE,SECTOR_PERFORMANCE_REVIEW,October 2016,,,,HISTORICAL,DUP_070,,PENDING,41,0,0,,0.1.0,2026-09-12T12:21:31.456237+00:00,HIGH,
SRC_0098,CompleteReviewReportSep2018.pdf,Secondary dataset\paimana secondary dataset performance monitoring archival data\CompleteReviewReportSep2018.pdf,pdf,3053881,91df3f3b6a91bd65c589888bc8d2bb06fd1c46bec70bacc4e41af3c19210d19f,SECTOR_PERFORMANCE,SECTOR_PERFORMANCE_REVIEW,Sep 2018,,,,HISTORICAL,DUP_071,,PENDING,47,0,0,,0.1.0,2026-09-12T12:21:31.535225+00:00,HIGH,
SRC_0099,CompleteReviewReportSep2019.pdf,Secondary dataset\paimana secondary dataset performance monitoring archival data\CompleteReviewReportSep2019.pdf,pdf,1167555,6bb6945a3274fd637af81941164af7da3c7d2000aeadca982326830ab7c460ab,SECTOR_PERFORMANCE,SECTOR_PERFORMANCE_REVIEW,Sep 2019,,,,HISTORICAL,DUP_072,,PENDING,46,0,0,,0.1.0,2026-09-12T12:21:31.595239+00:00,HIGH,
SRC_0100,CompleteReviewReportSep2020.pdf,Secondary dataset\paimana secondary dataset performance monitoring archival data\CompleteReviewReportSep2020.pdf,pdf,3094614,b788eda25c230d785a058358dd1ea3ee280a24f67f761364daee7f74568ad393,SECTOR_PERFORMANCE,SECTOR_PERFORMANCE_REVIEW,Sep 2020,,,,HISTORICAL,DUP_073,,PENDING,44,0,0,,0.1.0,2026-09-12T12:21:31.656610+00:00,HIGH,
SRC_0101,CompleteReviewReportSept2017.pdf,Secondary dataset\paimana secondary dataset performance monitoring archival data\CompleteReviewReportSept2017.pdf,pdf,908496,b086dc34b5b11bcb5db004680049f8d77022c9980c3431d2f0ffff6efddcdfbc,SECTOR_PERFORMANCE,SECTOR_PERFORMANCE_REVIEW,Sep,,,,HISTORICAL,DUP_074,,PENDING,42,0,0,,0.1.0,2026-09-12T12:21:31.692995+00:00,HIGH,
SRC_0102,CompleteReviewReportSeptember2015.pdf,Secondary dataset\paimana secondary dataset performance monitoring archival data\CompleteReviewReportSeptember2015.pdf,pdf,1443914,6271505ad92af7e6a068dc8dba64943ae9ef04a5fc8d861275efffc3f56a3884,SECTOR_PERFORMANCE,SECTOR_PERFORMANCE_REVIEW,September 2015,,,,HISTORICAL,DUP_075,,PENDING,41,0,0,,0.1.0,2026-09-12T12:21:31.762149+00:00,HIGH,
SRC_0103,CompleteReviewReportSeptember2016.pdf,Secondary dataset\paimana secondary dataset performance monitoring archival data\CompleteReviewReportSeptember2016.pdf,pdf,1732120,031ee7f518104c0ed530e7aa56623ba728d3d0a8c3c59f6d8fc46dc9b91c34c9,SECTOR_PERFORMANCE,SECTOR_PERFORMANCE_REVIEW,September 2016,,,,HISTORICAL,DUP_076,,PENDING,41,0,0,,0.1.0,2026-09-12T12:21:31.806151+00:00,HIGH,
SRC_0104,FlashReport_April2026.pdf,Secondary dataset\paimana secondary dataset performance monitoring archival data\FlashReport_April2026.pdf,pdf,3215216,90a6959e976da6928440efdea9c68847d1178356e4c0ebd078c51026ddb118d5,PROJECT_MONITORING,FLASH_REPORT,April 2026,,,,HISTORICAL,DUP_006,,PENDING,163,0,0,,0.1.0,2026-09-12T12:21:31.861672+00:00,HIGH,
SRC_0105,FlashReport_July_2026.pdf,Secondary dataset\paimana secondary dataset performance monitoring archival data\FlashReport_July_2026.pdf,pdf,5237660,7201db10769fb541aa66651097a29277ea86637ed9e71c7264ceb64d5af216a5,PROJECT_MONITORING,FLASH_REPORT,July 2026,,,,HISTORICAL,DUP_007,,PENDING,153,0,0,,0.1.0,2026-09-12T12:21:31.959841+00:00,HIGH,
SRC_0106,FlashReport_June_2026.pdf,Secondary dataset\paimana secondary dataset performance monitoring archival data\FlashReport_June_2026.pdf,pdf,5242199,6dc3e6bd73d190e495fff1aa00c4d504e2f4a078951cf2d8021e6761641cb739,PROJECT_MONITORING,FLASH_REPORT,June 2026,,,,HISTORICAL,DUP_008,,PENDING,161,0,0,,0.1.0,2026-09-12T12:21:32.053598+00:00,HIGH,
SRC_0107,FlashReport_May2026.pdf,Secondary dataset\paimana secondary dataset performance monitoring archival data\FlashReport_May2026.pdf,pdf,3217996,480d98632cd1b1d4fe70b58a5a753924b2735b0135e7c8507c1ec05ff2ddf005,PROJECT_MONITORING,FLASH_REPORT,May 2026,,,,HISTORICAL,DUP_009,,PENDING,163,0,0,,0.1.0,2026-09-12T12:21:32.110566+00:00,HIGH,
SRC_0108,CompleteReviewReportApr2018.pdf,Secondary dataset\paimana secondary dataset project monitoring archival\CompleteReviewReportApr2018.pdf,pdf,2906594,4db8d72815eb45c537953c06a5c92d6425689da08b38c38080378c65d55789f7,SECTOR_PERFORMANCE,SECTOR_PERFORMANCE_REVIEW,Apr 2018,,,,HISTORICAL,DUP_010,,PENDING,33,0,0,,0.1.0,2026-09-12T12:21:32.196612+00:00,HIGH,
SRC_0109,CompleteReviewReportApril2015.pdf,Secondary dataset\paimana secondary dataset project monitoring archival\CompleteReviewReportApril2015.pdf,pdf,865023,32e8f792c7457db2a03e32a491b6a84ce6eeac7577f5b96c0fd98b620dcc2ace,SECTOR_PERFORMANCE,SECTOR_PERFORMANCE_REVIEW,April 2015,,,,HISTORICAL,DUP_011,,PENDING,26,0,0,,0.1.0,2026-09-12T12:21:32.208097+00:00,HIGH,
SRC_0110,CompleteReviewReportApril2016.pdf,Secondary dataset\paimana secondary dataset project monitoring archival\CompleteReviewReportApril2016.pdf,pdf,578078,acd52436ef938be7b9961487dcc390f88ca04b890ce54ded1d3aa33297b70650,SECTOR_PERFORMANCE,SECTOR_PERFORMANCE_REVIEW,April 2016,,,,HISTORICAL,DUP_012,,PENDING,25,0,0,,0.1.0,2026-09-12T12:21:32.246821+00:00,HIGH,
SRC_0111,CompleteReviewReportApril2017.pdf,Secondary dataset\paimana secondary dataset project monitoring archival\CompleteReviewReportApril2017.pdf,pdf,4103056,b30c2224f6964d939c538a1047da160d232aef2ee9dd0eb62ba5d6db50c1ab68,SECTOR_PERFORMANCE,SECTOR_PERFORMANCE_REVIEW,April 2017,,,,HISTORICAL,DUP_013,,PENDING,29,0,0,,0.1.0,2026-09-12T12:21:32.307664+00:00,HIGH,
SRC_0112,CompleteReviewReportApril2020.pdf,Secondary dataset\paimana secondary dataset project monitoring archival\CompleteReviewReportApril2020.pdf,pdf,1114771,db0775bf21e1c388356fb330cda8434f040d832cda8ac2c4170acf273ce2b680,SECTOR_PERFORMANCE,SECTOR_PERFORMANCE_REVIEW,April 2020,,,,HISTORICAL,DUP_014,,PENDING,37,0,0,,0.1.0,2026-09-12T12:21:32.345272+00:00,HIGH,
SRC_0113,CompleteReviewReportAug2018.pdf,Secondary dataset\paimana secondary dataset project monitoring archival\CompleteReviewReportAug2018.pdf,pdf,2707728,f85efe509f9d8f7208f07f1331c35014f90aeec0c423b69c4073966f6ee19d85,SECTOR_PERFORMANCE,SECTOR_PERFORMANCE_REVIEW,Aug 2018,,,,HISTORICAL,DUP_015,,PENDING,47,0,0,,0.1.0,2026-09-12T12:21:32.414551+00:00,HIGH,
SRC_0114,CompleteReviewReportAug2019.pdf,Secondary dataset\paimana secondary dataset project monitoring archival\CompleteReviewReportAug2019.pdf,pdf,1190115,491669ba17d7b4fa2116a556daa97ba04863dc202c9301d525705b0ade0f960e,SECTOR_PERFORMANCE,SECTOR_PERFORMANCE_REVIEW,Aug 2019,,,,HISTORICAL,DUP_016,,PENDING,46,0,0,,0.1.0,2026-09-12T12:21:32.473689+00:00,HIGH,
SRC_0115,CompleteReviewReportAug2020.pdf,Secondary dataset\paimana secondary dataset project monitoring archival\CompleteReviewReportAug2020.pdf,pdf,6678710,dd2a56db25a22f9d555d8856460fdc3e465981dd064d1562773a5687e7fa1c46,SECTOR_PERFORMANCE,SECTOR_PERFORMANCE_REVIEW,Aug 2020,,,,HISTORICAL,DUP_017,,PENDING,44,0,0,,0.1.0,2026-09-12T12:21:32.544170+00:00,HIGH,
SRC_0116,CompleteReviewReportAugust2015.pdf,Secondary dataset\paimana secondary dataset project monitoring archival\CompleteReviewReportAugust2015.pdf,pdf,1418547,336deb9e47860dd4d12dd99c8d77a47a1a4a215471bb8a88167eec60b2954235,SECTOR_PERFORMANCE,SECTOR_PERFORMANCE_REVIEW,August 2015,,,,HISTORICAL,DUP_018,,PENDING,39,0,0,,0.1.0,2026-09-12T12:21:32.614870+00:00,HIGH,
SRC_0117,CompleteReviewReportAugust2016.pdf,Secondary dataset\paimana secondary dataset project monitoring archival\CompleteReviewReportAugust2016.pdf,pdf,1722225,e6ba5275393023d1fca4e761167588c933f22df987ce4d8ab0066fcfc4d34745,SECTOR_PERFORMANCE,SECTOR_PERFORMANCE_REVIEW,August 2016,,,,HISTORICAL,DUP_019,,PENDING,42,0,0,,0.1.0,2026-09-12T12:21:32.666102+00:00,HIGH,
SRC_0118,CompleteReviewReportAugust2017.pdf,Secondary dataset\paimana secondary dataset project monitoring archival\CompleteReviewReportAugust2017.pdf,pdf,649513,197b04ff26d68b1bcca680d4011db321ea583354e4aadadc05ac734415c58d18,SECTOR_PERFORMANCE,SECTOR_PERFORMANCE_REVIEW,August 2017,,,,HISTORICAL,DUP_020,,PENDING,42,0,0,,0.1.0,2026-09-12T12:21:32.710028+00:00,HIGH,
SRC_0119,CompleteReviewReportDec2017.pdf,Secondary dataset\paimana secondary dataset project monitoring archival\CompleteReviewReportDec2017.pdf,pdf,1100180,cd4a6e2594f9c77060051d67d4272f3e2aeefd6106737e97f75b436cfa1cbe76,SECTOR_PERFORMANCE,SECTOR_PERFORMANCE_REVIEW,Dec 2017,,,,HISTORICAL,DUP_021,,PENDING,47,0,0,,0.1.0,2026-09-12T12:21:32.756871+00:00,HIGH,
SRC_0120,CompleteReviewReportDec2018.pdf,Secondary dataset\paimana secondary dataset project monitoring archival\CompleteReviewReportDec2018.pdf,pdf,832653,7e7c4d605ede97cf25cf06a3114c5deaa4233280336010994a5a9e27e4edaad5,SECTOR_PERFORMANCE,SECTOR_PERFORMANCE_REVIEW,Dec 2018,,,,HISTORICAL,DUP_022,,PENDING,46,0,0,,0.1.0,2026-09-12T12:21:32.799044+00:00,HIGH,
SRC_0121,CompleteReviewReportDec2019.pdf,Secondary dataset\paimana secondary dataset project monitoring archival\CompleteReviewReportDec2019.pdf,pdf,1566585,f64924b0939762a14958a3bea7b17ca5503933cd8aa1b42005c1e62f5afd0553,SECTOR_PERFORMANCE,SECTOR_PERFORMANCE_REVIEW,Dec 2019,,,,HISTORICAL,DUP_023,,PENDING,47,0,0,,0.1.0,2026-09-12T12:21:32.843679+00:00,HIGH,
SRC_0122,CompleteReviewReportDec2020.pdf,Secondary dataset\paimana secondary dataset project monitoring archival\CompleteReviewReportDec2020.pdf,pdf,9189120,632ce703e074de6120a681692b9733b2ff77b6d871360ac7612aae64b71e4b9d,SECTOR_PERFORMANCE,SECTOR_PERFORMANCE_REVIEW,Dec 2020,,,,HISTORICAL,DUP_001,,PENDING,44,0,0,,0.1.0,2026-09-12T12:21:32.871680+00:00,HIGH,
SRC_0123,CompleteReviewReportDec2023.pdf,Secondary dataset\paimana secondary dataset project monitoring archival\CompleteReviewReportDec2023.pdf,pdf,4954555,8cd18bc8caa37aac5279a9a6b9cb9f5b114dfd337db2fce9d765ed59aec03b0f,SECTOR_PERFORMANCE,SECTOR_PERFORMANCE_REVIEW,Dec 2023,,,,HISTORICAL,DUP_002,,PENDING,49,0,0,,0.1.0,2026-09-12T12:21:32.949222+00:00,HIGH,
SRC_0124,CompleteReviewReportDecember2015.pdf,Secondary dataset\paimana secondary dataset project monitoring archival\CompleteReviewReportDecember2015.pdf,pdf,702794,179d7e8f30643495ed8385ad7bcccdeae0a70cfede3e61f82fb3f6bfedacd214,SECTOR_PERFORMANCE,SECTOR_PERFORMANCE_REVIEW,December 2015,,,,HISTORICAL,DUP_024,,PENDING,38,0,0,,0.1.0,2026-09-12T12:21:32.992577+00:00,HIGH,
SRC_0125,CompleteReviewReportDecember2016.pdf,Secondary dataset\paimana secondary dataset project monitoring archival\CompleteReviewReportDecember2016.pdf,pdf,2932555,cafc2eeb3ba05ee9d788a9f2e7bc676a4e9e13830cef1e47e743f4e9f7a3c3cc,SECTOR_PERFORMANCE,SECTOR_PERFORMANCE_REVIEW,December 2016,,,,HISTORICAL,DUP_025,,PENDING,42,0,0,,0.1.0,2026-09-12T12:21:33.051236+00:00,HIGH,
SRC_0126,CompleteReviewReportFeb2019.pdf,Secondary dataset\paimana secondary dataset project monitoring archival\CompleteReviewReportFeb2019.pdf,pdf,1139122,0bdbd44a5a97d391df45a87074518a0b4b1e992a6d3ff85a4fc08f6a2968bde8,SECTOR_PERFORMANCE,SECTOR_PERFORMANCE_REVIEW,Feb 2019,,,,HISTORICAL,DUP_026,,PENDING,46,0,0,,0.1.0,2026-09-12T12:21:33.094469+00:00,HIGH,
SRC_0127,CompleteReviewReportFeb2020.pdf,Secondary dataset\paimana secondary dataset project monitoring archival\CompleteReviewReportFeb2020.pdf,pdf,1208953,16f008b53af4fb0f09c83baf0690bccce6e9c7919d3688ffeaaeda61fd53951f,SECTOR_PERFORMANCE,SECTOR_PERFORMANCE_REVIEW,Feb 2020,,,,HISTORICAL,DUP_027,,PENDING,47,0,0,,0.1.0,2026-09-12T12:21:33.160700+00:00,HIGH,
SRC_0128,CompleteReviewReportFeb2021.pdf,Secondary dataset\paimana secondary dataset project monitoring archival\CompleteReviewReportFeb2021.pdf,pdf,13715859,6d0aa36fa3ad4e1a93ecc8a0eb60a9a595c06123501389e91a7b82606d9b7cf3,SECTOR_PERFORMANCE,SECTOR_PERFORMANCE_REVIEW,Feb 2021,,,,HISTORICAL,DUP_003,,PENDING,44,0,0,,0.1.0,2026-09-12T12:21:33.234874+00:00,HIGH,
SRC_0129,CompleteReviewReportFebruary2016.pdf,Secondary dataset\paimana secondary dataset project monitoring archival\CompleteReviewReportFebruary2016.pdf,pdf,1117668,8abf83d1e07867166ba7de00bf8b153420f21142d68e4c9daef2e9c284f09906,SECTOR_PERFORMANCE,SECTOR_PERFORMANCE_REVIEW,February 2016,,,,HISTORICAL,DUP_028,,PENDING,38,0,0,,0.1.0,2026-09-12T12:21:33.274571+00:00,HIGH,
SRC_0130,CompleteReviewReportFebruary2017.pdf,Secondary dataset\paimana secondary dataset project monitoring archival\CompleteReviewReportFebruary2017.pdf,pdf,5621647,6b6848297a5795d6304771e7d1a26cafdf74aa111c9f39a3a389149fced633b9,SECTOR_PERFORMANCE,SECTOR_PERFORMANCE_REVIEW,February 2017,,,,HISTORICAL,DUP_029,,PENDING,42,0,0,,0.1.0,2026-09-12T12:21:33.333415+00:00,HIGH,
SRC_0131,CompleteReviewReportFev2018.pdf,Secondary dataset\paimana secondary dataset project monitoring archival\CompleteReviewReportFev2018.pdf,pdf,674628,5e8ebd49fa7b6a54c8538347b2fd05293ab9e3c6856fd6dbb8d1c23941307699,SECTOR_PERFORMANCE,SECTOR_PERFORMANCE_REVIEW,,,,,HISTORICAL,DUP_030,,PENDING,47,0,0,,0.1.0,2026-09-12T12:21:33.377217+00:00,HIGH,
SRC_0132,CompleteReviewReportJan2018.pdf,Secondary dataset\paimana secondary dataset project monitoring archival\CompleteReviewReportJan2018.pdf,pdf,1711411,df386081871454711e0dc1cc1b417e44fcd8ebe867d4aca77d9a1eeee16aed82,SECTOR_PERFORMANCE,SECTOR_PERFORMANCE_REVIEW,Jan 2018,,,,HISTORICAL,DUP_031,,PENDING,47,0,0,,0.1.0,2026-09-12T12:21:33.429495+00:00,HIGH,
SRC_0133,CompleteReviewReportJan2019.pdf,Secondary dataset\paimana secondary dataset project monitoring archival\CompleteReviewReportJan2019.pdf,pdf,922975,5db9dc9b75e8fa9224cefac7a008e936423a5751b2f247ad96affa2146aa2f51,SECTOR_PERFORMANCE,SECTOR_PERFORMANCE_REVIEW,Jan 2019,,,,HISTORICAL,DUP_032,,PENDING,46,0,0,,0.1.0,2026-09-12T12:21:33.470439+00:00,HIGH,
SRC_0134,CompleteReviewReportJan2020.pdf,Secondary dataset\paimana secondary dataset project monitoring archival\CompleteReviewReportJan2020.pdf,pdf,1248943,7c1da3144b53ca2a646d323023c1254ac693330722974ae29e22d52a86d5e9e8,SECTOR_PERFORMANCE,SECTOR_PERFORMANCE_REVIEW,Jan 2020,,,,HISTORICAL,DUP_033,,PENDING,46,0,0,,0.1.0,2026-09-12T12:21:33.524374+00:00,HIGH,
SRC_0135,CompleteReviewReportJan2021.pdf,Secondary dataset\paimana secondary dataset project monitoring archival\CompleteReviewReportJan2021.pdf,pdf,10109296,b79ba2f9a7681ed1095de0f033b18cfe69b73383d4725dfdcfe43b49e4141d2c,SECTOR_PERFORMANCE,SECTOR_PERFORMANCE_REVIEW,Jan 2021,,,,HISTORICAL,DUP_004,,PENDING,44,0,0,,0.1.0,2026-09-12T12:21:33.612821+00:00,HIGH,
SRC_0136,CompleteReviewReportJanuary2016.pdf,Secondary dataset\paimana secondary dataset project monitoring archival\CompleteReviewReportJanuary2016.pdf,pdf,898594,e9a165838deceb095324d41dec56a56b22d62fd32317f5a3c4e45c7aa2938972,SECTOR_PERFORMANCE,SECTOR_PERFORMANCE_REVIEW,January 2016,,,,HISTORICAL,DUP_034,,PENDING,38,0,0,,0.1.0,2026-09-12T12:21:33.647815+00:00,HIGH,
SRC_0137,CompleteReviewReportJanuary2017.pdf,Secondary dataset\paimana secondary dataset project monitoring archival\CompleteReviewReportJanuary2017.pdf,pdf,2927109,87fc17116bf472ea61644aa7df65487698b81a261c1af2b5098b2bc400617ed0,SECTOR_PERFORMANCE,SECTOR_PERFORMANCE_REVIEW,January 2017,,,,HISTORICAL,DUP_035,,PENDING,42,0,0,,0.1.0,2026-09-12T12:21:33.709646+00:00,HIGH,
SRC_0138,CompleteReviewReportJuly2015.pdf,Secondary dataset\paimana secondary dataset project monitoring archival\CompleteReviewReportJuly2015.pdf,pdf,1416197,3758b6ebe0e3135affa54628a158c8ed940077440bc1c332f5b1321d828aaf1e,SECTOR_PERFORMANCE,SECTOR_PERFORMANCE_REVIEW,July 2015,,,,HISTORICAL,DUP_036,,PENDING,40,0,0,,0.1.0,2026-09-12T12:21:33.778757+00:00,HIGH,
SRC_0139,CompleteReviewReportJuly2016.pdf,Secondary dataset\paimana secondary dataset project monitoring archival\CompleteReviewReportJuly2016.pdf,pdf,1390713,455169305e0374ed5fa5c6b06f1622886f8dc0a0bcdeab6f5967fb17795bb08d,SECTOR_PERFORMANCE,SECTOR_PERFORMANCE_REVIEW,July 2016,,,,HISTORICAL,DUP_037,,PENDING,41,0,0,,0.1.0,2026-09-12T12:21:33.814087+00:00,HIGH,
SRC_0140,CompleteReviewReportJuly2017.pdf,Secondary dataset\paimana secondary dataset project monitoring archival\CompleteReviewReportJuly2017.pdf,pdf,852197,8ea1050cdf005d3ca5b43c038dd65331853e2212e2e4c49a2193f2df656e1ade,SECTOR_PERFORMANCE,SECTOR_PERFORMANCE_REVIEW,July 2017,,,,HISTORICAL,DUP_038,,PENDING,42,0,0,,0.1.0,2026-09-12T12:21:33.856909+00:00,HIGH,
SRC_0141,CompleteReviewReportJuly2018.pdf,Secondary dataset\paimana secondary dataset project monitoring archival\CompleteReviewReportJuly2018.pdf,pdf,3155732,54b042a49180811dd0d10fec605f2f3868df37532eb665d29fd68e44ba8c094d,SECTOR_PERFORMANCE,SECTOR_PERFORMANCE_REVIEW,July 2018,,,,HISTORICAL,DUP_039,,PENDING,47,0,0,,0.1.0,2026-09-12T12:21:33.922413+00:00,HIGH,
SRC_0142,CompleteReviewReportJuly2019.pdf,Secondary dataset\paimana secondary dataset project monitoring archival\CompleteReviewReportJuly2019.pdf,pdf,1246308,cf1f09d1f10a85a2d639f1a58e0ed8f0003cc411c00237c43ec416ba71bbf3f0,SECTOR_PERFORMANCE,SECTOR_PERFORMANCE_REVIEW,July 2019,,,,HISTORICAL,DUP_040,,PENDING,46,0,0,,0.1.0,2026-09-12T12:21:33.961878+00:00,HIGH,
SRC_0143,CompleteReviewReportJuly2020.pdf,Secondary dataset\paimana secondary dataset project monitoring archival\CompleteReviewReportJuly2020.pdf,pdf,2171175,dfd417dce9518ab70a6c9bc8101c2f3d2bd30e35400c74087475ebaa819abf49,SECTOR_PERFORMANCE,SECTOR_PERFORMANCE_REVIEW,July 2020,,,,HISTORICAL,DUP_041,,PENDING,44,0,0,,0.1.0,2026-09-12T12:21:34.008020+00:00,HIGH,
SRC_0144,CompleteReviewReportJun2018.pdf,Secondary dataset\paimana secondary dataset project monitoring archival\CompleteReviewReportJun2018.pdf,pdf,4271824,2fc8fd58ef776ed0fe1f81a4be6cf774979d402f817bd7b938b5858aa0183b27,SECTOR_PERFORMANCE,SECTOR_PERFORMANCE_REVIEW,Jun 2018,,,,HISTORICAL,DUP_042,,PENDING,47,0,0,,0.1.0,2026-09-12T12:21:34.132439+00:00,HIGH,
SRC_0145,CompleteReviewReportJun2019.pdf,Secondary dataset\paimana secondary dataset project monitoring archival\CompleteReviewReportJun2019.pdf,pdf,1127270,5659fb387c5cc8544983a2ca301990567985f9f52d103daf2fda6a78d3e2f479,SECTOR_PERFORMANCE,SECTOR_PERFORMANCE_REVIEW,Jun 2019,,,,HISTORICAL,DUP_043,,PENDING,46,0,0,,0.1.0,2026-09-12T12:21:34.168456+00:00,HIGH,
SRC_0146,CompleteReviewReportJun2020.pdf,Secondary dataset\paimana secondary dataset project monitoring archival\CompleteReviewReportJun2020.pdf,pdf,2155532,6966450dda9bf0af241ce467a69e94319d0a063b0e5028f76790a57816ca0122,SECTOR_PERFORMANCE,SECTOR_PERFORMANCE_REVIEW,Jun 2020,,,,HISTORICAL,DUP_044,,PENDING,44,0,0,,0.1.0,2026-09-12T12:21:34.210030+00:00,HIGH,
SRC_0147,CompleteReviewReportJune2015.pdf,Secondary dataset\paimana secondary dataset project monitoring archival\CompleteReviewReportJune2015.pdf,pdf,1615170,b7c8a6edf01b1152ee6fc36fec1cb695b5429545a33156f4f6e5aa23d43bc4f2,SECTOR_PERFORMANCE,SECTOR_PERFORMANCE_REVIEW,June 2015,,,,HISTORICAL,DUP_045,,PENDING,35,0,0,,0.1.0,2026-09-12T12:21:34.272170+00:00,HIGH,
SRC_0148,CompleteReviewReportJune2016.pdf,Secondary dataset\paimana secondary dataset project monitoring archival\CompleteReviewReportJune2016.pdf,pdf,6825301,a17e169ff55402f03eab09b96d37f80b6d14418d30881f566961c2cc5b034fbb,SECTOR_PERFORMANCE,SECTOR_PERFORMANCE_REVIEW,June 2016,,,,HISTORICAL,DUP_046,,PENDING,41,0,0,,0.1.0,2026-09-12T12:21:34.311254+00:00,HIGH,
SRC_0149,CompleteReviewReportJune2017.pdf,Secondary dataset\paimana secondary dataset project monitoring archival\CompleteReviewReportJune2017.pdf,pdf,989428,959535afbe6045d14cf5d9585db0795678041f6f3b766f4f95397ac367ca3e21,SECTOR_PERFORMANCE,SECTOR_PERFORMANCE_REVIEW,June 2017,,,,HISTORICAL,DUP_047,,PENDING,42,0,0,,0.1.0,2026-09-12T12:21:34.356839+00:00,HIGH,
SRC_0150,CompleteReviewReportMar2018.pdf,Secondary dataset\paimana secondary dataset project monitoring archival\CompleteReviewReportMar2018.pdf,pdf,676259,d2a7f614fbaad1137c4add46a7b77b6cbfe825780103960e825508ed33daadc4,SECTOR_PERFORMANCE,SECTOR_PERFORMANCE_REVIEW,Mar 2018,,,,HISTORICAL,DUP_048,,PENDING,47,0,0,,0.1.0,2026-09-12T12:21:34.394299+00:00,HIGH,
SRC_0151,CompleteReviewReportMar2019.pdf,Secondary dataset\paimana secondary dataset project monitoring archival\CompleteReviewReportMar2019.pdf,pdf,1252017,ed1bb96fa3a87bf3435ed8c4c4a9ce436237a1bcf37cc52b8eaf8eb339f70a21,SECTOR_PERFORMANCE,SECTOR_PERFORMANCE_REVIEW,Mar 2019,,,,HISTORICAL,DUP_049,,PENDING,46,0,0,,0.1.0,2026-09-12T12:21:34.446446+00:00,HIGH,
SRC_0152,CompleteReviewReportMar2021.pdf,Secondary dataset\paimana secondary dataset project monitoring archival\CompleteReviewReportMar2021.pdf,pdf,6819170,e8221a587b8b4a48755402b86dd6614651ca72116ea25e9670fa8bc00bbf16a6,SECTOR_PERFORMANCE,SECTOR_PERFORMANCE_REVIEW,Mar 2021,,,,HISTORICAL,DUP_050,,PENDING,44,0,0,,0.1.0,2026-09-12T12:21:34.720274+00:00,HIGH,
SRC_0153,CompleteReviewReportMarch2016.pdf,Secondary dataset\paimana secondary dataset project monitoring archival\CompleteReviewReportMarch2016.pdf,pdf,734927,0788cc998ad28f2869ba98f2e87c5831bc8230e070a359795398d1190baf7b65,SECTOR_PERFORMANCE,SECTOR_PERFORMANCE_REVIEW,March 2016,,,,HISTORICAL,DUP_051,,PENDING,38,0,0,,0.1.0,2026-09-12T12:21:34.771033+00:00,HIGH,
SRC_0154,CompleteReviewReportMarch2017.pdf,Secondary dataset\paimana secondary dataset project monitoring archival\CompleteReviewReportMarch2017.pdf,pdf,5412912,8acf3867d6b517c15df1aca8e5e0c60165231b2f01cc4a32d2988733622b1ac6,SECTOR_PERFORMANCE,SECTOR_PERFORMANCE_REVIEW,March 2017,,,,HISTORICAL,DUP_052,,PENDING,42,0,0,,0.1.0,2026-09-12T12:21:34.840918+00:00,HIGH,
SRC_0155,CompleteReviewReportMarch2020.pdf,Secondary dataset\paimana secondary dataset project monitoring archival\CompleteReviewReportMarch2020.pdf,pdf,1006121,80788913b9d70644e82165241553bc2abc953704e75587e087e98caa421af661,SECTOR_PERFORMANCE,SECTOR_PERFORMANCE_REVIEW,March 2020,,,,HISTORICAL,DUP_053,,PENDING,46,0,0,,0.1.0,2026-09-12T12:21:34.943494+00:00,HIGH,
SRC_0156,CompleteReviewReportMarch2025 (1).pdf,Secondary dataset\paimana secondary dataset project monitoring archival\CompleteReviewReportMarch2025 (1).pdf,pdf,4550305,eec39ba3b6e0c7d92994e26c788de0a7937cd841e40b3ca7aa48052cdb1b14ab,SECTOR_PERFORMANCE,SECTOR_PERFORMANCE_REVIEW,March 2025,,,,HISTORICAL,DUP_005,,PENDING,47,0,0,,0.1.0,2026-09-12T12:21:35.000314+00:00,HIGH,
SRC_0157,CompleteReviewReportMarch2025.pdf,Secondary dataset\paimana secondary dataset project monitoring archival\CompleteReviewReportMarch2025.pdf,pdf,4550305,eec39ba3b6e0c7d92994e26c788de0a7937cd841e40b3ca7aa48052cdb1b14ab,SECTOR_PERFORMANCE,SECTOR_PERFORMANCE_REVIEW,March 2025,,,,HISTORICAL,DUP_005,,PENDING,47,0,0,,0.1.0,2026-09-12T12:21:35.049823+00:00,HIGH,
SRC_0158,CompleteReviewReportMay2015.pdf,Secondary dataset\paimana secondary dataset project monitoring archival\CompleteReviewReportMay2015.pdf,pdf,1469237,d874a3e508a4dbd7b3c46f8d6e26272a48050bb797d220d05716b20ffa6e864f,SECTOR_PERFORMANCE,SECTOR_PERFORMANCE_REVIEW,May 2015,,,,HISTORICAL,DUP_054,,PENDING,38,0,0,,0.1.0,2026-09-12T12:21:35.122571+00:00,HIGH,
SRC_0159,CompleteReviewReportMay2016.pdf,Secondary dataset\paimana secondary dataset project monitoring archival\CompleteReviewReportMay2016.pdf,pdf,943853,aa8d581f2ee1717d70265d0fe166e4115846acd9c96c7d55d6ec1e6623c19fe3,SECTOR_PERFORMANCE,SECTOR_PERFORMANCE_REVIEW,May 2016,,,,HISTORICAL,DUP_055,,PENDING,38,0,0,,0.1.0,2026-09-12T12:21:35.162905+00:00,HIGH,
SRC_0160,CompleteReviewReportMay2017.pdf,Secondary dataset\paimana secondary dataset project monitoring archival\CompleteReviewReportMay2017.pdf,pdf,4777811,f93ed4505992ee5125106019e1a873b4518b7f9f28d963e82d4ed15f5e177589,SECTOR_PERFORMANCE,SECTOR_PERFORMANCE_REVIEW,May 2017,,,,HISTORICAL,DUP_056,,PENDING,42,0,0,,0.1.0,2026-09-12T12:21:35.240623+00:00,HIGH,
SRC_0161,CompleteReviewReportMay2018.pdf,Secondary dataset\paimana secondary dataset project monitoring archival\CompleteReviewReportMay2018.pdf,pdf,5238050,485b1e6f3da4e746e8ccc6865cab64ad509b131eced3fb7be9f0e2126f227a4b,SECTOR_PERFORMANCE,SECTOR_PERFORMANCE_REVIEW,May 2018,,,,HISTORICAL,DUP_057,,PENDING,47,0,0,,0.1.0,2026-09-12T12:21:35.381192+00:00,HIGH,
SRC_0162,CompleteReviewReportMay2019.pdf,Secondary dataset\paimana secondary dataset project monitoring archival\CompleteReviewReportMay2019.pdf,pdf,1144890,3e26e50f0b8db0ae731e165e8c84a9358bed584c43e3525d334904b3953e67c9,SECTOR_PERFORMANCE,SECTOR_PERFORMANCE_REVIEW,May 2019,,,,HISTORICAL,DUP_058,,PENDING,46,0,0,,0.1.0,2026-09-12T12:21:35.416697+00:00,HIGH,
SRC_0163,CompleteReviewReportMay2020.pdf,Secondary dataset\paimana secondary dataset project monitoring archival\CompleteReviewReportMay2020.pdf,pdf,2156515,aafe97fcdc709364cfa599de1ba2852d7938ac8cc923783dceae931a69596a8e,SECTOR_PERFORMANCE,SECTOR_PERFORMANCE_REVIEW,May 2020,,,,HISTORICAL,DUP_059,,PENDING,43,0,0,,0.1.0,2026-09-12T12:21:35.452879+00:00,HIGH,
SRC_0164,CompleteReviewReportNov2017.pdf,Secondary dataset\paimana secondary dataset project monitoring archival\CompleteReviewReportNov2017.pdf,pdf,2109451,d74aa31ee7d84ba107d6abdb9edfc4800eeba1ce0ef2d929eaacff7d26a37611,SECTOR_PERFORMANCE,SECTOR_PERFORMANCE_REVIEW,Nov 2017,,,,HISTORICAL,DUP_060,,PENDING,47,0,0,,0.1.0,2026-09-12T12:21:35.502587+00:00,HIGH,
SRC_0165,CompleteReviewReportNov2018.pdf,Secondary dataset\paimana secondary dataset project monitoring archival\CompleteReviewReportNov2018.pdf,pdf,1414918,b2edf2193368e1dbb4a1440877edf079982c8be99156e9358b99e0e8a3f4f35a,SECTOR_PERFORMANCE,SECTOR_PERFORMANCE_REVIEW,Nov 2018,,,,HISTORICAL,DUP_061,,PENDING,46,0,0,,0.1.0,2026-09-12T12:21:35.542923+00:00,HIGH,
SRC_0166,CompleteReviewReportNov2019.pdf,Secondary dataset\paimana secondary dataset project monitoring archival\CompleteReviewReportNov2019.pdf,pdf,1205366,0f7489e186af4f9c02bd998f68f98666b0e02663611c84ec4aca99456b13eabe,SECTOR_PERFORMANCE,SECTOR_PERFORMANCE_REVIEW,Nov 2019,,,,HISTORICAL,DUP_062,,PENDING,46,0,0,,0.1.0,2026-09-12T12:21:35.587127+00:00,HIGH,
SRC_0167,CompleteReviewReportNov2020.pdf,Secondary dataset\paimana secondary dataset project monitoring archival\CompleteReviewReportNov2020.pdf,pdf,4771556,0898ec6d4b57c3357db47ff4640b346858db1e6f52effc4a2f26aa387c5ada48,SECTOR_PERFORMANCE,SECTOR_PERFORMANCE_REVIEW,Nov 2020,,,,HISTORICAL,DUP_063,,PENDING,44,0,0,,0.1.0,2026-09-12T12:21:35.646597+00:00,HIGH,
SRC_0168,CompleteReviewReportNovember2016.pdf,Secondary dataset\paimana secondary dataset project monitoring archival\CompleteReviewReportNovember2016.pdf,pdf,2137200,d75184e96fe99a8932ef720988eb471b73685f9b2ac8aa212045d6d03c268b3d,SECTOR_PERFORMANCE,SECTOR_PERFORMANCE_REVIEW,November 2016,,,,HISTORICAL,DUP_064,,PENDING,41,0,0,,0.1.0,2026-09-12T12:21:35.691719+00:00,HIGH,
SRC_0169,CompleteReviewReportOct2017.pdf,Secondary dataset\paimana secondary dataset project monitoring archival\CompleteReviewReportOct2017.pdf,pdf,3912989,75ed7c512a6dda74da74445f2af050d93f8546a0025a4b9a7b74aed5b50a6386,SECTOR_PERFORMANCE,SECTOR_PERFORMANCE_REVIEW,Oct 2017,,,,HISTORICAL,DUP_065,,PENDING,42,0,0,,0.1.0,2026-09-12T12:21:35.752620+00:00,HIGH,
SRC_0170,CompleteReviewReportOct2018.pdf,Secondary dataset\paimana secondary dataset project monitoring archival\CompleteReviewReportOct2018.pdf,pdf,1143366,eeec71843c80ed2814f7700aaa246159b291d3876439cd95a674ba61c8e2bbf0,SECTOR_PERFORMANCE,SECTOR_PERFORMANCE_REVIEW,Oct 2018,,,,HISTORICAL,DUP_066,,PENDING,46,0,0,,0.1.0,2026-09-12T12:21:35.818479+00:00,HIGH,
SRC_0171,CompleteReviewReportOct2019.pdf,Secondary dataset\paimana secondary dataset project monitoring archival\CompleteReviewReportOct2019.pdf,pdf,1205372,3a3796ad5cf6b8bddcbe053a9ead9027b83d387ba75853b2d50a61fc55d2e15a,SECTOR_PERFORMANCE,SECTOR_PERFORMANCE_REVIEW,Oct 2019,,,,HISTORICAL,DUP_067,,PENDING,46,0,0,,0.1.0,2026-09-12T12:21:35.887731+00:00,HIGH,
SRC_0172,CompleteReviewReportOct2020.pdf,Secondary dataset\paimana secondary dataset project monitoring archival\CompleteReviewReportOct2020.pdf,pdf,1558315,9c07e2d3e9b6af9d8800d95c549388e24361574b807ca5c4e93403ef8509d839,SECTOR_PERFORMANCE,SECTOR_PERFORMANCE_REVIEW,Oct 2020,,,,HISTORICAL,DUP_068,,PENDING,43,0,0,,0.1.0,2026-09-12T12:21:36.014824+00:00,HIGH,
SRC_0173,CompleteReviewReportOctober2015.pdf,Secondary dataset\paimana secondary dataset project monitoring archival\CompleteReviewReportOctober2015.pdf,pdf,408288,89b36c314f315c702a7a1882641ce379b955a0cc65b21582e6d8b85f4ae05d0d,SECTOR_PERFORMANCE,SECTOR_PERFORMANCE_REVIEW,October 2015,,,,HISTORICAL,DUP_069,,PENDING,40,0,0,,0.1.0,2026-09-12T12:21:36.057054+00:00,HIGH,
SRC_0174,CompleteReviewReportOctober2016.pdf,Secondary dataset\paimana secondary dataset project monitoring archival\CompleteReviewReportOctober2016.pdf,pdf,2757503,86933ec6eed2d9d0871a1f4cc86b94dc15d7e94c94f5f3db5b33f634b98d2df4,SECTOR_PERFORMANCE,SECTOR_PERFORMANCE_REVIEW,October 2016,,,,HISTORICAL,DUP_070,,PENDING,41,0,0,,0.1.0,2026-09-12T12:21:36.115096+00:00,HIGH,
SRC_0175,CompleteReviewReportSep2018.pdf,Secondary dataset\paimana secondary dataset project monitoring archival\CompleteReviewReportSep2018.pdf,pdf,3053881,91df3f3b6a91bd65c589888bc8d2bb06fd1c46bec70bacc4e41af3c19210d19f,SECTOR_PERFORMANCE,SECTOR_PERFORMANCE_REVIEW,Sep 2018,,,,HISTORICAL,DUP_071,,PENDING,47,0,0,,0.1.0,2026-09-12T12:21:36.207738+00:00,HIGH,
SRC_0176,CompleteReviewReportSep2019.pdf,Secondary dataset\paimana secondary dataset project monitoring archival\CompleteReviewReportSep2019.pdf,pdf,1167555,6bb6945a3274fd637af81941164af7da3c7d2000aeadca982326830ab7c460ab,SECTOR_PERFORMANCE,SECTOR_PERFORMANCE_REVIEW,Sep 2019,,,,HISTORICAL,DUP_072,,PENDING,46,0,0,,0.1.0,2026-09-12T12:21:36.282359+00:00,HIGH,
SRC_0177,CompleteReviewReportSep2020.pdf,Secondary dataset\paimana secondary dataset project monitoring archival\CompleteReviewReportSep2020.pdf,pdf,3094614,b788eda25c230d785a058358dd1ea3ee280a24f67f761364daee7f74568ad393,SECTOR_PERFORMANCE,SECTOR_PERFORMANCE_REVIEW,Sep 2020,,,,HISTORICAL,DUP_073,,PENDING,44,0,0,,0.1.0,2026-09-12T12:21:36.350815+00:00,HIGH,
SRC_0178,CompleteReviewReportSept2017.pdf,Secondary dataset\paimana secondary dataset project monitoring archival\CompleteReviewReportSept2017.pdf,pdf,908496,b086dc34b5b11bcb5db004680049f8d77022c9980c3431d2f0ffff6efddcdfbc,SECTOR_PERFORMANCE,SECTOR_PERFORMANCE_REVIEW,Sep,,,,HISTORICAL,DUP_074,,PENDING,42,0,0,,0.1.0,2026-09-12T12:21:36.385912+00:00,HIGH,
SRC_0179,CompleteReviewReportSeptember2015.pdf,Secondary dataset\paimana secondary dataset project monitoring archival\CompleteReviewReportSeptember2015.pdf,pdf,1443914,6271505ad92af7e6a068dc8dba64943ae9ef04a5fc8d861275efffc3f56a3884,SECTOR_PERFORMANCE,SECTOR_PERFORMANCE_REVIEW,September 2015,,,,HISTORICAL,DUP_075,,PENDING,41,0,0,,0.1.0,2026-09-12T12:21:36.449818+00:00,HIGH,
SRC_0180,CompleteReviewReportSeptember2016.pdf,Secondary dataset\paimana secondary dataset project monitoring archival\CompleteReviewReportSeptember2016.pdf,pdf,1732120,031ee7f518104c0ed530e7aa56623ba728d3d0a8c3c59f6d8fc46dc9b91c34c9,SECTOR_PERFORMANCE,SECTOR_PERFORMANCE_REVIEW,September 2016,,,,HISTORICAL,DUP_076,,PENDING,41,0,0,,0.1.0,2026-09-12T12:21:36.483298+00:00,HIGH,
SRC_0181,FlashReport_April2026.pdf,Secondary dataset\paimana secondary dataset project monitoring archival\FlashReport_April2026.pdf,pdf,3215216,90a6959e976da6928440efdea9c68847d1178356e4c0ebd078c51026ddb118d5,PROJECT_MONITORING,FLASH_REPORT,April 2026,,,,HISTORICAL,DUP_006,,PENDING,163,0,0,,0.1.0,2026-09-12T12:21:36.532946+00:00,HIGH,
SRC_0182,FlashReport_July_2026.pdf,Secondary dataset\paimana secondary dataset project monitoring archival\FlashReport_July_2026.pdf,pdf,5237660,7201db10769fb541aa66651097a29277ea86637ed9e71c7264ceb64d5af216a5,PROJECT_MONITORING,FLASH_REPORT,July 2026,,,,HISTORICAL,DUP_007,,PENDING,153,0,0,,0.1.0,2026-09-12T12:21:36.598877+00:00,HIGH,
SRC_0183,FlashReport_June_2026.pdf,Secondary dataset\paimana secondary dataset project monitoring archival\FlashReport_June_2026.pdf,pdf,5242199,6dc3e6bd73d190e495fff1aa00c4d504e2f4a078951cf2d8021e6761641cb739,PROJECT_MONITORING,FLASH_REPORT,June 2026,,,,HISTORICAL,DUP_008,,PENDING,161,0,0,,0.1.0,2026-09-12T12:21:36.678294+00:00,HIGH,
SRC_0184,FlashReport_May2026.pdf,Secondary dataset\paimana secondary dataset project monitoring archival\FlashReport_May2026.pdf,pdf,3217996,480d98632cd1b1d4fe70b58a5a753924b2735b0135e7c8507c1ec05ff2ddf005,PROJECT_MONITORING,FLASH_REPORT,May 2026,,,,HISTORICAL,DUP_009,,PENDING,163,0,0,,0.1.0,2026-09-12T12:21:36.744782+00:00,HIGH,
SRC_0185,oppi_monthly_index_202608.xlsx,Secondary dataset\WPI and PPIs\oppi_monthly_index_202608.xlsx,xlsx,50772,eaa1ede3ad327cac3fa0360334882be1a0b3c09fcab98bba4c7de0bebf5d16d6,EXTERNAL_DATA,ECONOMIC_INDEX,,,,,CURRENT,,,PENDING,0,0,0,,0.1.0,2026-09-12T12:21:36.778979+00:00,HIGH,
SRC_0186,SPPIs_quarterly_index_202608.xlsx,Secondary dataset\WPI and PPIs\SPPIs_quarterly_index_202608.xlsx,xlsx,10919,5a8b40b9e67fb46e0d3decb6dc5306a524e5e479e6366764569ea972a533b22f,EXTERNAL_DATA,ECONOMIC_INDEX,,,,,CURRENT,,,PENDING,0,0,0,,0.1.0,2026-09-12T12:21:36.804196+00:00,HIGH,
SRC_0187,trial_ippi_monthly_index_202608.xlsx,Secondary dataset\WPI and PPIs\trial_ippi_monthly_index_202608.xlsx,xlsx,11059,8dadd721d14fd00bdcd6410e72265c5b94e84f99be2794a36998401b79feb9f8,EXTERNAL_DATA,ECONOMIC_INDEX,,,,,CURRENT,,,PENDING,0,0,0,,0.1.0,2026-09-12T12:21:36.823688+00:00,HIGH,
SRC_0188,wpi_monthly_index_202608.xlsx,Secondary dataset\WPI and PPIs\wpi_monthly_index_202608.xlsx,xlsx,314265,377d3a386d6039b8dd4e0b2322356727eff7b7692f662012d460627773a4314d,EXTERNAL_DATA,ECONOMIC_INDEX,,,,,CURRENT,,,PENDING,0,0,0,,0.1.0,2026-09-12T12:21:36.848613+00:00,HIGH,
