Observation_SK,Project_Code,Project_Name,Report_Date,Original_Cost,Revised_Cost,Anticipated_Cost,Cumulative_Expenditure,Financial_Progress_Pct,Time_Elapsed_Pct,Schedule_Delay_Months,Target_Is_Delayed
51,,MUMBAI-AHMEDABAD HIGH SPEED RAIL PROJECT- 508 KM,August 2025,108000.0,108000.0,,79919.0,73.99907407407407,,,0
52,,CHENNAI METRO RAIL PHASE-II DEVELOPMENT PROJECT,August 2025,63246.0,,,26410.0,,,,0
53,,WESTERN DEDICATED FREIGHT CORRIDOR,August 2025,51101.0,124005.0,,124623.0,100.49836700133059,,,0
54,,RISHIKESH-KARNAPRAYAG NEW RAIL LINE- 125 KM,August 2025,38953.0,38953.0,,24645.0,63.26855441172695,,,0
55,,MUMBAI URBAN TRANSPORT PROJECT [MUTP] PHASE-IIIA,August 2025,33690.0,33690.0,,2303.0,6.835856337192045,,,0
56,,"ETHYLENE CRACKER PROJECT AT BINA REFINERY INCLUDING
DOWNSTREAM PETROCHEMICAL PLANTS AND EXPANSION OF
REFINERY",August 2025,43367.0,43367.0,,1856.0,4.279751885073904,,,0
57,,RAJASTHAN REFINERY PROJECT,August 2025,43129.0,79459.0,,60295.0,75.88190135793302,,,0
58,,"CAPACITY EXPANSION OF PANIPAT REFINERY FROM 15 TO 25
MMTPA",August 2025,34627.0,36225.0,,24355.0,67.23257418909593,,,0
59,,KG-DWN-98/2 CLUSTER - II DEVELOPMENT PROJECT - NELP BLOCK,August 2025,34012.0,34012.0,,33238.0,97.72433258849817,,,0
60,,DIBANG MULTIPURPOSE PROJECT,August 2025,31876.0,,,3554.0,,,,0
61,,SARDAR SAROVAR PROJECT,August 2025,20718.0,33413.0,,31768.0,95.07676652799807,,,0
62,,POLAVARAM IRRIGATION PROJECT,August 2025,10151.0,55549.0,,24348.0,43.83157212551081,,,0
63,,J. CHOKKA RAO DEVADULA LIFT IRRIGATION SCHEME,August 2025,8201.0,14730.0,,4559.0,30.950441276306854,,,0
64,,JIGAON IRRIGATION PROJECT,August 2025,7223.0,,,8501.0,,,,0
65,,GOSIKHURD PROJECT,August 2025,7196.0,12770.0,,13533.0,105.97494126859827,,,0
66,,BHARATNET,August 2025,61109.0,188000.0,,41486.0,22.067021276595746,,,0
67,,4G SERVICES BY BSNL,August 2025,28466.0,19592.0,,8390.0,42.82360146998775,,,0
68,,"SATURATION 4G MOBILE COVERAGE OF UNCOVERED VILLAGES
THROUGH USOF",August 2025,26316.0,30620.0,,9792.0,31.979098628347487,,,0
69,,"PLANNING, ENGINEERING, SUPPLY, INSTALLATION, TESTING,
COMMISSIONING, INTEGRATION & ANNUAL MAINTENANCE OF 4G
MOBILE NETWORK AT 1 LAKH SITES ON PAN INDIA BASIS
INCLUDING MUMBAI & DELHI LSA ON TURNKEY BASIS UNDER
PHASE IX.2 PROJECT.",August 2025,24545.0,,,8391.0,,,,0
70,,"PROVISION OF 4G BASED MOBILE SERVICES IN 7,287 UNCOVERED
VILLAGES OF 44 ASPIRATIONAL DISTRICT ACROSS 5 STATES OF
ANDHRA PRADESH, CHHATTISGARH, JHARKHAND, MAHARASHTRA
& ODISHA",August 2025,3685.0,,,1101.0,,,,0
71,,"REDEVELOPMENT OF SEVEN GENERAL POOL RESIDENTIAL
ACCOMMODATION [GPRA] COLONIES IN DELHI",August 2025,32850.0,,,0.0,,,,0
72,,"KRISHNAPATNAM NODE - PHASE 1 - ROADS AND SERVICES
DEVELOPMENT",August 2025,2139.0,,,406.0,,,,0
73,,AIIMS KASHMIR AT AWANTIPORA JAMMU & KASHMIR,August 2025,1828.0,1828.0,,1532.0,83.80743982494529,,,0
74,,TUMAKURU NODE - PHASE 1 - ROADS AND SERVICES DEVELOPMENT,August 2025,1702.0,,,88.0,,,,0
75,,AIIMS MAJRA REWARI HARYANA,August 2025,1299.0,,,349.0,,,,0
76,,GEVRA OC [70 MTY],August 2025,11816.0,,,5329.0,,,,0
77,,GOPALJI KANIHA OCP [10 TO 30 M,August 2025,8416.0,6108.0,,1709.0,27.979698755730194,,,0
78,,KUSMUNDA OC EXPANSION [15 TO 50 MTY],August 2025,7612.0,,,4698.0,,,,0
79,,DIPKA OC,August 2025,7580.0,,,3091.0,,,,0
80,,RPR MAGADH EXP OCP,August 2025,7254.0,,,1535.0,,,,0
81,,MUMBAI-AHMEDABAD HIGH SPEED RAIL PROJECT- 508 KM,August 2025,108000.0,108000.0,,79919.0,73.99907407407407,,,0
82,,WESTERN DEDICATED FREIGHT CORRIDOR,August 2025,51101.0,124005.0,,124623.0,100.49836700133059,,,0
83,,RISHIKESH-KARNAPRAYAG NEW RAIL LINE- 125 KM,August 2025,38953.0,38953.0,,24645.0,63.26855441172695,,,0
84,,MUMBAI URBAN TRANSPORT PROJECT [MUTP] PHASE-IIIA,August 2025,33690.0,33690.0,,2303.0,6.835856337192045,,,0
85,,JIRIBAM-IMPHAL NEW LINE PROJECT,August 2025,14323.0,21886.0,,15598.0,71.26930457826921,,,0
86,,NLC TALABIRA THERMAL POWER PROJECT,August 2025,27213.0,27213.0,,1954.0,7.180391724543417,,,0
87,,GHATAMPUR THERMAL POWER PLANT 3 X 660 MW,August 2025,17238.0,21781.0,,20270.0,93.06276112207887,,,0
88,,GEVRA OC [70 MTY],August 2025,11816.0,11816.0,,5329.0,45.09986459038592,,,0
89,,GOPALJI KANIHA OCP [10 TO 30 M,August 2025,8416.0,6108.0,,1709.0,27.979698755730194,,,0
90,,KUSMUNDA OC EXPANSION [15 TO 50 MTY],August 2025,7612.0,7612.0,,4698.0,61.7183394640042,,,0
91,,"ETHYLENE CRACKER PROJECT AT BINA REFINERY INCLUDING
DOWNSTREAM PETROCHEMICAL PLANTS AND EXPANSION OF
REFINERY",August 2025,43367.0,43367.0,,1856.0,4.279751885073904,,,0
92,,RAJASTHAN REFINERY PROJECT,August 2025,43129.0,79459.0,,60295.0,75.88190135793302,,,0
93,,"CAPACITY EXPANSION OF PANIPAT REFINERY FROM 15 TO 25
MMTPA",August 2025,34627.0,36225.0,,24355.0,67.23257418909593,,,0
94,,KG-DWN-98/2 CLUSTER - II DEVELOPMENT PROJECT - NELP BLOCK,August 2025,34012.0,34012.0,,33238.0,97.72433258849817,,,0
95,,CBR 9 MMTPA PROJECT,August 2025,31580.0,36354.0,,1342.0,3.6914782417340595,,,0
96,,CHENNAI METRO RAIL PHASE-II DEVELOPMENT PROJECT,August 2025,63246.0,63246.0,,26410.0,41.75758150713089,,,0
97,,"REDEVELOPMENT OF SEVEN GENERAL POOL RESIDENTIAL
ACCOMMODATION [GPRA] COLONIES IN DELHI",August 2025,32850.0,32850.0,,0.0,,,,0
98,,DELHI-GHAZIABAD-MEERUT REGIONAL RAPID TRANSIT SYSTEM [RRTS] CORRIDOR,August 2025,30274.0,30274.0,,26326.0,86.95910682433772,,,0
99,,CONSTRUCTION OF BANGALORE METRO RAIL PROJECT PHASE 2.,August 2025,26405.0,30695.0,,29478.0,96.03518488353153,,,0
100,,DMRTS PHASE - IV [3 PRIORITY CORRIDORS],August 2025,24949.0,24949.0,,15785.0,63.26906890055714,,,0
101,,MUMBAI-AHMEDABAD HIGH SPEED RAIL PROJECT- 508 KM,December 2025,108000.0,108000.0,,85338.0,79.01666666666667,,,0
102,,CHENNAI METRO RAIL PHASE-II DEVELOPMENT PROJECT,December 2025,63246.0,,,30211.0,,,,0
103,,WESTERN DEDICATED FREIGHT CORRIDOR,December 2025,51101.0,124005.0,,124623.0,100.49836700133059,,,0
104,,RISHIKESH-KARNAPRAYAG NEW RAIL LINE- 125 KM,December 2025,38953.0,38953.0,,26841.0,68.90611762893744,,,0
105,,MUMBAI URBAN TRANSPORT PROJECT [MUTP] PHASE-IIIA,December 2025,33690.0,33690.0,,2922.0,8.67319679430098,,,0
106,,"ETHYLENE CRACKER PROJECT AT BINA REFINERY INCLUDING
DOWNSTREAM PETROCHEMICAL PLANTS AND EXPANSION OF
REFINERY",December 2025,43367.0,43367.0,,2593.0,5.979200774782669,,,0
107,,RAJASTHAN REFINERY PROJECT,December 2025,43129.0,79459.0,,63572.0,80.00604085125661,,,0
108,,"CAPACITY EXPANSION OF PANIPAT REFINERY FROM 15 TO 25
MMTPA",December 2025,34627.0,36225.0,,27829.0,76.82263630089717,,,0
109,,KG-DWN-98/2 CLUSTER - II DEVELOPMENT PROJECT - NELP BLOCK,December 2025,34012.0,34012.0,,32374.0,95.18405268728684,,,0
110,,DIBANG MULTIPURPOSE PROJECT,December 2025,31876.0,,,3862.0,,,,0
111,,SARDAR SAROVAR PROJECT,December 2025,20718.0,33413.0,,31861.0,95.35510130787418,,,0
112,,POLAVARAM IRRIGATION PROJECT,December 2025,10151.0,55549.0,,25834.0,46.50668778915912,,,0
113,,J. CHOKKA RAO DEVADULA LIFT IRRIGATION SCHEME,December 2025,8201.0,14730.0,,4665.0,31.67006109979633,,,0
114,,JIGAON IRRIGATION PROJECT,December 2025,7223.0,,,9349.0,,,,0
115,,GOSIKHURD PROJECT,December 2025,7196.0,12770.0,,13898.0,108.83320281910729,,,0
116,,BHARATNET,December 2025,61109.0,188000.0,,46432.0,24.69787234042553,,,0
117,,4G SERVICES BY BSNL,December 2025,28466.0,19592.0,,8471.0,43.23703552470396,,,0
118,,"SATURATION 4G MOBILE COVERAGE OF UNCOVERED VILLAGES
THROUGH USOF",December 2025,26316.0,30620.0,,9792.0,31.979098628347487,,,0
119,,"PLANNING, ENGINEERING, SUPPLY, INSTALLATION, TESTING,
COMMISSIONING, INTEGRATION & ANNUAL MAINTENANCE OF 4G
MOBILE NETWORK AT 1 LAKH SITES ON PAN INDIA BASIS
INCLUDING MUMBAI & DELHI LSA ON TURNKEY BASIS UNDER
PHASE IX.2 PROJECT.",December 2025,24545.0,,,8472.0,,,,0
120,,"PROVISION OF 4G BASED MOBILE SERVICES IN 7,287 UNCOVERED
VILLAGES OF 44 ASPIRATIONAL DISTRICT ACROSS 5 STATES OF
ANDHRA PRADESH, CHHATTISGARH, JHARKHAND, MAHARASHTRA
& ODISHA",December 2025,3685.0,,,1332.0,,,,0
121,,"REDEVELOPMENT OF SEVEN GENERAL POOL RESIDENTIAL
ACCOMMODATION [GPRA] COLONIES IN DELHI",December 2025,32850.0,,,0.0,,,,0
122,,"REDEVELOPMENT OF RESIDENTIAL COLONIES AT AYUR VIGYAN
NAGAR AND WEST ANSARI NAGAR CAMPUSES OF AIIMS, NEW DELHI",December 2025,4441.0,,,25.0,,,,0
123,,"KRISHNAPATNAM NODE - PHASE 1 - ROADS AND SERVICES
DEVELOPMENT",December 2025,2139.0,,,568.0,,,,0
124,,AIIMS KASHMIR AT AWANTIPORA JAMMU & KASHMIR,December 2025,1828.0,2161.0,,1492.0,69.04211013419713,,,0
125,,TUMAKURU NODE - PHASE 1 - ROADS AND SERVICES DEVELOPMENT,December 2025,1702.0,,,184.0,,,,0
126,,GEVRA OC [70 MTY],December 2025,11816.0,,,6813.0,,,,0
127,,GOPALJI KANIHA OCP [10 TO 30 M,December 2025,8416.0,6108.0,,1746.0,28.585461689587426,,,0
128,,RPR MAGADH EXP OCP,December 2025,7254.0,,,1599.0,,,,0
129,,"REVISED JHARIA MASTER PLAN FOR DEALING WITH FIRE,
SUBSIDENCE & REHABILITATION OF AFFECTED FAMILIES IN JHARIA
COALFIELD- REG.",December 2025,5940.0,,,26.0,,,,0
130,,BLOCK E OCP,December 2025,5851.0,,,20.0,,,,0
131,,"CONSTRUCTION OF I CONNECTING ROAD FROM Z-MORH TUNNEL TO ZOJILA TUNNEL
ROAD LENGTH 18.475KM AND II 14.150 KM LONG 2-L BI-DIRECTIONAL SINGLE TUBE
ZOJI-LA TUNNEL ACROSS ZOJILA PASS ON SONAMARG - KARGIL SECTION FROM KM
82 TO KM 118 OF NH-01 UNDER PMDP",December 2025,6809.0,6809.0,,,,,,0
132,,"6L BRIDGE AND ITS APPROACHES ACROSS RIVER GANGA AS PART OF PATNA RING
ROAD NH-131G STARTING FROM KM 8.480 NEAR SHERPUR TO KM 23.000 NEAR
DIGHWARA",December 2025,6292.0,3352.0,,421.0,12.55966587112172,,,0
133,,"CONSTRUCTION OF 4-LANE BRIDGE INCLUDING APPROACHES OVER RIVER
BRAHMAPUTRA BETWEEN DHUBRI ON NORTH BANK,ASSAM AND PHULBARI ON
SOUTH BANK,MEGHALAYA ON NH-127B UNDER JICA ODA LOAN ASSISTANCE PHASE-III",December 2025,4997.0,4997.0,,,,,,0
134,,"6L OF RAMANATUKKARA JUNCTION TO START OF VALANCHERY BYPASS SECTION OF
NH-66",December 2025,4924.0,4919.0,,1669.0,33.92966050010165,,,0
135,,"6L OF THALIKULAM TO KODUGALLUR SECTION FROM KM 369.015 TO KM 397.850 OF
NH - 66 OLD NH-17",December 2025,4302.0,4302.0,,618.0,14.365411436541143,,,0
136,,MUMBAI-AHMEDABAD HIGH SPEED RAIL PROJECT- 508 KM,December 2025,108000.0,108000.0,,85338.0,79.01666666666667,,,0
137,,WESTERN DEDICATED FREIGHT CORRIDOR,December 2025,51101.0,124005.0,,124623.0,100.49836700133059,,,0
138,,RISHIKESH-KARNAPRAYAG NEW RAIL LINE- 125 KM,December 2025,38953.0,38953.0,,26841.0,68.90611762893744,,,0
139,,MUMBAI URBAN TRANSPORT PROJECT [MUTP] PHASE-IIIA,December 2025,33690.0,33690.0,,2922.0,8.67319679430098,,,0
140,,BANGALORE SUBURBAN RAILWAY PROJECT,December 2025,15767.0,15767.0,,2321.0,14.72061901439716,,,0
141,,NLC TALABIRA THERMAL POWER PROJECT,December 2025,27213.0,27213.0,,2608.0,9.583654870833792,,,0
142,,GHATAMPUR THERMAL POWER PLANT 3 X 660 MW,December 2025,17238.0,21781.0,,20744.0,95.23896974427252,,,0
143,,GEVRA OC [70 MTY],December 2025,11816.0,11816.0,,6813.0,57.65910629654706,,,0
144,,GOPALJI KANIHA OCP [10 TO 30 M,December 2025,8416.0,6108.0,,1746.0,28.585461689587426,,,0
145,,RPR MAGADH EXP OCP,December 2025,7254.0,7254.0,,1599.0,22.043010752688172,,,0
146,,DIBANG MULTIPURPOSE PROJECT,December 2025,31876.0,31876.0,,3862.0,12.115698331032752,,,0
147,,"TRANSMISSION SYSTEM FOR EVACUATION OF POWER FROM POTENTIAL RENEWABLE
ENERGY ZONE IN KHAVDA AREA OF GUJARAT UNDER PHASE-V [8 GW] PART A [SPV
NAME POWERGRID WEST CENTRAL TRANSMISSION LIMITED]",December 2025,24819.0,24819.0,,1986.0,8.001934002175751,,,0
148,,"GADARWARA SUPER THERMAL POWER PROJECT, STAGE-II [3X800 MW]",December 2025,20446.0,20446.0,,1146.0,5.60500831458476,,,0
149,,PATRATU THERMAL POWER STATION EXPANSION PROJECT PHASE-I [3X800 MW],December 2025,18668.0,20302.0,,18166.0,89.47886907693822,,,0
150,,"RAGHUNATHPUR THERMAL POWER STATION PHASE II [2X660 MW] AT
RAGHUNATHPUR, PURULIA, WEST BENGAL",December 2025,17673.0,17673.0,,1480.0,8.374356362813332,,,0
151,,MUMBAI-AHMEDABAD HIGH SPEED RAIL PROJECT- 508 KM,February 2026,108000.0,108000.0,,87755.0,81.25462962962963,,,0
152,,CHENNAI METRO RAIL PHASE-II DEVELOPMENT PROJECT,February 2026,63246.0,,,31451.0,,,,0
153,,WESTERN DEDICATED FREIGHT CORRIDOR,February 2026,51101.0,124005.0,,124623.0,100.49836700133059,,,0
154,,RISHIKESH-KARNAPRAYAG NEW RAIL LINE- 125 KM,February 2026,38953.0,38953.0,,27881.0,71.57600184838138,,,0
155,,MUMBAI URBAN TRANSPORT PROJECT [MUTP] PHASE-IIIA,February 2026,33690.0,33690.0,,3218.0,9.551795785099436,,,0
156,,"ETHYLENE CRACKER PROJECT AT BINA REFINERY INCLUDING
DOWNSTREAM PETROCHEMICAL PLANTS AND EXPANSION OF
REFINERY",February 2026,43367.0,43367.0,,2940.0,6.779348352433878,,,0
157,,RAJASTHAN REFINERY PROJECT,February 2026,43129.0,79459.0,,66553.0,83.75766118375513,,,0
158,,"CAPACITY EXPANSION OF PANIPAT REFINERY FROM 15 TO 25
MMTPA",February 2026,34627.0,36225.0,,26028.0,71.85093167701864,,,0
159,,KG-DWN-98/2 CLUSTER - II DEVELOPMENT PROJECT - NELP BLOCK,February 2026,34012.0,34012.0,,32765.0,96.33364694813595,,,0
160,,DIBANG MULTIPURPOSE PROJECT,February 2026,31876.0,,,4119.0,,,,0
161,,KEN-BETWA LINKING DEVELOPMENT PROJECT,February 2026,21030.0,,,8531.0,,,,0
162,,SARDAR SAROVAR PROJECT,February 2026,20718.0,33413.0,,31861.0,95.35510130787418,,,0
163,,POLAVARAM IRRIGATION PROJECT,February 2026,10151.0,55549.0,,26152.0,47.07915534033016,,,0
164,,J. CHOKKA RAO DEVADULA LIFT IRRIGATION SCHEME,February 2026,8201.0,14730.0,,4665.0,31.67006109979633,,,0
165,,JIGAON IRRIGATION PROJECT,February 2026,7223.0,,,9391.0,,,,0
166,,BHARATNET,February 2026,61109.0,188000.0,,46432.0,24.69787234042553,,,0
167,,4G SERVICES BY BSNL,February 2026,28466.0,19592.0,,8471.0,43.23703552470396,,,0
168,,"SATURATION 4G MOBILE COVERAGE OF UNCOVERED VILLAGES
THROUGH USOF",February 2026,26316.0,30620.0,,9792.0,31.979098628347487,,,0
169,,"PLANNING, ENGINEERING, SUPPLY, INSTALLATION, TESTING,
COMMISSIONING, INTEGRATION & ANNUAL MAINTENANCE OF 4G
MOBILE NETWORK AT 1 LAKH SITES ON PAN INDIA BASIS
INCLUDING MUMBAI & DELHI LSA ON TURNKEY BASIS UNDER
PHASE IX.2 PROJECT.",February 2026,24545.0,,,8472.0,,,,0
170,,"PROVISION OF 4G BASED MOBILE SERVICES IN 7,287 UNCOVERED
VILLAGES OF 44 ASPIRATIONAL DISTRICT ACROSS 5 STATES OF
ANDHRA PRADESH, CHHATTISGARH, JHARKHAND, MAHARASHTRA
& ODISHA",February 2026,3685.0,,,1357.0,,,,0
171,,"REDEVELOPMENT OF SEVEN GENERAL POOL RESIDENTIAL
ACCOMMODATION [GPRA] COLONIES IN DELHI",February 2026,32850.0,32841.0,,12975.0,39.508541152827256,,,0
172,,"REDEVELOPMENT OF RESIDENTIAL COLONIES AT AYUR VIGYAN
NAGAR AND WEST ANSARI NAGAR CAMPUSES OF AIIMS, NEW DELHI",February 2026,4441.0,,,25.0,,,,0
173,,"KRISHNAPATNAM NODE - PHASE 1 - ROADS AND SERVICES
DEVELOPMENT",February 2026,2139.0,,,688.0,,,,0
174,,AIIMS KASHMIR AT AWANTIPORA JAMMU & KASHMIR,February 2026,1828.0,2161.0,,1517.0,70.19898195279963,,,0
175,,TUMAKURU NODE - PHASE 1 - ROADS AND SERVICES DEVELOPMENT,February 2026,1702.0,,,208.0,,,,0
176,,JAYANT EXPN. [20 TO 38 MTPA],February 2026,25560.0,,,56.0,,,,0
177,,GEVRA OC [70 MTY],February 2026,11816.0,,,6847.0,,,,0
178,,GOPALJI KANIHA OCP [10 TO 30 M,February 2026,8416.0,6108.0,,1765.0,28.89652914210871,,,0
179,,RPR MAGADH EXP OCP,February 2026,7254.0,,,1628.0,,,,0
180,,"REVISED JHARIA MASTER PLAN FOR DEALING WITH FIRE,
SUBSIDENCE & REHABILITATION OF AFFECTED FAMILIES IN JHARIA
COALFIELD- REG.",February 2026,5940.0,,,40.0,,,,0
181,,"6L BRIDGE AND ITS APPROACHES ACROSS RIVER GANGA AS PART OF PATNA RING
ROAD NH-131G STARTING FROM KM 8.480 NEAR SHERPUR TO KM 23.000 NEAR
DIGHWARA",February 2026,6292.0,3352.0,,502.0,14.976133651551313,,,0
182,,GUWAHATI RING ROAD IN THE STATE OF ASSAM,February 2026,5729.0,5729.0,,2.0,0.03491010647582475,,,0
183,,"CONSTRUCTION OF 4-LANE BRIDGE INCLUDING APPROACHES OVER RIVER
BRAHMAPUTRA BETWEEN DHUBRI ON NORTH BANK,ASSAM AND PHULBARI ON
SOUTH BANK,MEGHALAYA ON NH-127B UNDER JICA ODA LOAN ASSISTANCE PHASE-III",February 2026,4997.0,4997.0,,2681.0,53.65219131478888,,,0
184,,"6L OF RAMANATUKKARA JUNCTION TO START OF VALANCHERY BYPASS SECTION OF
NH-66",February 2026,4924.0,4919.0,,1763.0,35.840618011791015,,,0
185,,"4L ELEVATED CORRIDOR AND AT-GRADE IMPROVEMENTS FROM DESIGN CH0000 TO
DESIGN CH 19870 OF DANAPUR BIHTA SECTION, DESIGN CH0000 TO DESIGN CH0231
CONNECTING THE EXISTING ROB NEAR DANAPUR STATION ,1.35 KM RAMPS AND AT-
GRADE IMPROVEMENTS TO 4-LANE SECTION ON DANAPUR SIDE AND UPGRADATION
OF EXISTING TWO LANE CARRIAGEWAY TO FOUR LANE CARRIAGEWAY FROM DESIGN
CH19870 TO DESIGN CH23500 OF BIHTA - KOILWAR SECTION",February 2026,4433.0,2625.0,,1227.0,46.74285714285714,,,0
186,,MUMBAI-AHMEDABAD HIGH SPEED RAIL PROJECT- 508 KM,February 2026,108000.0,108000.0,,87755.0,81.25462962962963,,,0
187,,WESTERN DEDICATED FREIGHT CORRIDOR,February 2026,51101.0,124005.0,,124623.0,100.49836700133059,,,0
188,,RISHIKESH-KARNAPRAYAG NEW RAIL LINE- 125 KM,February 2026,38953.0,38953.0,,27881.0,71.57600184838138,,,0
189,,MUMBAI URBAN TRANSPORT PROJECT [MUTP] PHASE-IIIA,February 2026,33690.0,33690.0,,3218.0,9.551795785099436,,,0
190,,BANGALORE SUBURBAN RAILWAY PROJECT,February 2026,15767.0,15767.0,,2659.0,16.864336906196485,,,0
191,,NLC TALABIRA THERMAL POWER PROJECT,February 2026,27213.0,27213.0,,2820.0,10.362694300518134,,,0
192,,JAYANT EXPN. [20 TO 38 MTPA],February 2026,25560.0,25560.0,,56.0,0.2190923317683881,,,0
193,,GHATAMPUR THERMAL POWER PLANT 3 X 660 MW,February 2026,17238.0,21781.0,,20991.0,96.37298562967725,,,0
194,,GEVRA OC [70 MTY],February 2026,11816.0,11816.0,,6847.0,57.94685172647258,,,0
195,,GOPALJI KANIHA OCP [10 TO 30 M,February 2026,8416.0,6108.0,,1765.0,28.89652914210871,,,0
196,,DIBANG MULTIPURPOSE PROJECT,February 2026,31876.0,31876.0,,4119.0,12.921947546743631,,,0
197,,"NABINAGAR SUPER THERMAL POWER PROJECT, STAGE-II [3X800 MW]",February 2026,29948.0,29948.0,,2034.0,6.791772405502872,,,0
198,,RAJASTHAN PART I POWER TRANSMISSION LIMITED,February 2026,25000.0,25000.0,,90.0,0.36,,,0
199,,"TRANSMISSION SYSTEM FOR EVACUATION OF POWER FROM POTENTIAL RENEWABLE
ENERGY ZONE IN KHAVDA AREA OF GUJARAT UNDER PHASE-V [8 GW] PART A [SPV
NAME POWERGRID WEST CENTRAL TRANSMISSION LIMITED]",February 2026,24819.0,24819.0,,2234.0,9.00116845964785,,,0
200,,"GADARWARA SUPER THERMAL POWER PROJECT, STAGE-II [2X800 MW]",February 2026,20446.0,20446.0,,1295.0,6.333757214125011,,,0
201,,MUMBAI-AHMEDABAD HIGH SPEED RAIL PROJECT- 508 KM,January 2026,108000.0,108000.0,,86793.0,80.3638888888889,,,0
202,,CHENNAI METRO RAIL PHASE-II DEVELOPMENT PROJECT,January 2026,63246.0,,,30722.0,,,,0
203,,WESTERN DEDICATED FREIGHT CORRIDOR,January 2026,51101.0,124005.0,,124623.0,100.49836700133059,,,0
204,,RISHIKESH-KARNAPRAYAG NEW RAIL LINE- 125 KM,January 2026,38953.0,38953.0,,27546.0,70.71599106615665,,,0
205,,MUMBAI URBAN TRANSPORT PROJECT [MUTP] PHASE-IIIA,January 2026,33690.0,33690.0,,3070.0,9.112496289700207,,,0
206,,"ETHYLENE CRACKER PROJECT AT BINA REFINERY INCLUDING
DOWNSTREAM PETROCHEMICAL PLANTS AND EXPANSION OF
REFINERY",January 2026,43367.0,43367.0,,2704.0,6.2351557635990495,,,0
207,,RAJASTHAN REFINERY PROJECT,January 2026,43129.0,79459.0,,64516.0,81.1940749317258,,,0
208,,"CAPACITY EXPANSION OF PANIPAT REFINERY FROM 15 TO 25
MMTPA",January 2026,34627.0,36225.0,,26028.0,71.85093167701864,,,0
209,,KG-DWN-98/2 CLUSTER - II DEVELOPMENT PROJECT - NELP BLOCK,January 2026,34012.0,34012.0,,32559.0,95.72797836057862,,,0
210,,DIBANG MULTIPURPOSE PROJECT,January 2026,31876.0,,,3933.0,,,,0
211,,SARDAR SAROVAR PROJECT,January 2026,20718.0,33413.0,,31861.0,95.35510130787418,,,0
212,,POLAVARAM IRRIGATION PROJECT,January 2026,10151.0,55549.0,,25939.0,46.695710093791064,,,0
213,,J. CHOKKA RAO DEVADULA LIFT IRRIGATION SCHEME,January 2026,8201.0,14730.0,,4665.0,31.67006109979633,,,0
214,,JIGAON IRRIGATION PROJECT,January 2026,7223.0,,,9391.0,,,,0
215,,GOSIKHURD PROJECT,January 2026,7196.0,12770.0,,13966.0,109.3657008613939,,,0
216,,BHARATNET,January 2026,61109.0,188000.0,,46432.0,24.69787234042553,,,0
217,,4G SERVICES BY BSNL,January 2026,28466.0,19592.0,,8471.0,43.23703552470396,,,0
218,,"SATURATION 4G MOBILE COVERAGE OF UNCOVERED VILLAGES
THROUGH USOF",January 2026,26316.0,30620.0,,9792.0,31.979098628347487,,,0
219,,"PLANNING, ENGINEERING, SUPPLY, INSTALLATION, TESTING,
COMMISSIONING, INTEGRATION & ANNUAL MAINTENANCE OF 4G
MOBILE NETWORK AT 1 LAKH SITES ON PAN INDIA BASIS
INCLUDING MUMBAI & DELHI LSA ON TURNKEY BASIS UNDER
PHASE IX.2 PROJECT.",January 2026,24545.0,,,8472.0,,,,0
220,,"PROVISION OF 4G BASED MOBILE SERVICES IN 7,287 UNCOVERED
VILLAGES OF 44 ASPIRATIONAL DISTRICT ACROSS 5 STATES OF
ANDHRA PRADESH, CHHATTISGARH, JHARKHAND, MAHARASHTRA
& ODISHA",January 2026,3685.0,,,1343.0,,,,0
221,,"REDEVELOPMENT OF SEVEN GENERAL POOL RESIDENTIAL
ACCOMMODATION [GPRA] COLONIES IN DELHI",January 2026,32850.0,32841.0,,12339.0,37.57193751712798,,,0
222,,"REDEVELOPMENT OF RESIDENTIAL COLONIES AT AYUR VIGYAN
NAGAR AND WEST ANSARI NAGAR CAMPUSES OF AIIMS, NEW DELHI",January 2026,4441.0,,,25.0,,,,0
223,,"KRISHNAPATNAM NODE - PHASE 1 - ROADS AND SERVICES
DEVELOPMENT",January 2026,2139.0,,,626.0,,,,0
224,,AIIMS KASHMIR AT AWANTIPORA JAMMU & KASHMIR,January 2026,1828.0,2161.0,,1505.0,69.64368347987043,,,0
225,,TUMAKURU NODE - PHASE 1 - ROADS AND SERVICES DEVELOPMENT,January 2026,1702.0,,,184.0,,,,0
226,,JAYANT EXPN. [20 TO 38 MTPA],January 2026,25560.0,,,28.0,,,,0
227,,GEVRA OC [70 MTY],January 2026,11816.0,,,6822.0,,,,0
228,,GOPALJI KANIHA OCP [10 TO 30 M,January 2026,8416.0,6108.0,,1751.0,28.667321545514078,,,0
229,,RPR MAGADH EXP OCP,January 2026,7254.0,,,1619.0,,,,0
230,,"REVISED JHARIA MASTER PLAN FOR DEALING WITH FIRE,
SUBSIDENCE & REHABILITATION OF AFFECTED FAMILIES IN JHARIA
COALFIELD- REG.",January 2026,5940.0,,,30.0,,,,0
231,,"CONSTRUCTION OF I CONNECTING ROAD FROM Z-MORH TUNNEL TO ZOJILA TUNNEL
ROAD LENGTH 18.475KM AND II 14.150 KM LONG 2-L BI-DIRECTIONAL SINGLE TUBE
ZOJI-LA TUNNEL ACROSS ZOJILA PASS ON SONAMARG - KARGIL SECTION FROM KM
82 TO KM 118 OF NH-01 UNDER PMDP",January 2026,6809.0,6809.0,,3148.0,46.23292700837127,,,0
232,,"6L BRIDGE AND ITS APPROACHES ACROSS RIVER GANGA AS PART OF PATNA RING
ROAD NH-131G STARTING FROM KM 8.480 NEAR SHERPUR TO KM 23.000 NEAR
DIGHWARA",January 2026,6292.0,3352.0,,458.0,13.663484486873509,,,0
233,,GUWAHATI RING ROAD IN THE STATE OF ASSAM,January 2026,5729.0,5729.0,,1.0,0.017455053237912375,,,0
234,,"CONSTRUCTION OF 4-LANE BRIDGE INCLUDING APPROACHES OVER RIVER
BRAHMAPUTRA BETWEEN DHUBRI ON NORTH BANK,ASSAM AND PHULBARI ON
SOUTH BANK,MEGHALAYA ON NH-127B UNDER JICA ODA LOAN ASSISTANCE PHASE-III",January 2026,4997.0,4997.0,,2557.0,51.17070242145287,,,0
235,,"6L OF RAMANATUKKARA JUNCTION TO START OF VALANCHERY BYPASS SECTION OF
NH-66",January 2026,4924.0,4919.0,,1669.0,33.92966050010165,,,0
236,,MUMBAI-AHMEDABAD HIGH SPEED RAIL PROJECT- 508 KM,January 2026,108000.0,108000.0,,86793.0,80.3638888888889,,,0
237,,WESTERN DEDICATED FREIGHT CORRIDOR,January 2026,51101.0,124005.0,,124623.0,100.49836700133059,,,0
238,,RISHIKESH-KARNAPRAYAG NEW RAIL LINE- 125 KM,January 2026,38953.0,38953.0,,27546.0,70.71599106615665,,,0
239,,MUMBAI URBAN TRANSPORT PROJECT [MUTP] PHASE-IIIA,January 2026,33690.0,33690.0,,3070.0,9.112496289700207,,,0
240,,BANGALORE SUBURBAN RAILWAY PROJECT,January 2026,15767.0,15767.0,,2385.0,15.126530094501172,,,0
241,,NLC TALABIRA THERMAL POWER PROJECT,January 2026,27213.0,27213.0,,2616.0,9.613052585161503,,,0
242,,JAYANT EXPN. [20 TO 38 MTPA],January 2026,25560.0,25560.0,,28.0,0.10954616588419405,,,0
243,,GHATAMPUR THERMAL POWER PLANT 3 X 660 MW,January 2026,17238.0,21781.0,,20967.0,96.26279785133832,,,0
244,,GEVRA OC [70 MTY],January 2026,11816.0,11816.0,,6822.0,57.73527420446851,,,0
245,,GOPALJI KANIHA OCP [10 TO 30 M,January 2026,8416.0,6108.0,,1751.0,28.667321545514078,,,0
246,,DIBANG MULTIPURPOSE PROJECT,January 2026,31876.0,31876.0,,3933.0,12.338436441209687,,,0
247,,"NABINAGAR SUPER THERMAL POWER PROJECT, STAGE-II [3X800 MW]",January 2026,29948.0,29948.0,,1930.0,6.444503806598104,,,0
248,,RAJASTHAN PART I POWER TRANSMISSION LIMITED,January 2026,25000.0,25000.0,,90.0,0.36,,,0
249,,"TRANSMISSION SYSTEM FOR EVACUATION OF POWER FROM POTENTIAL RENEWABLE
ENERGY ZONE IN KHAVDA AREA OF GUJARAT UNDER PHASE-V [8 GW] PART A [SPV
NAME POWERGRID WEST CENTRAL TRANSMISSION LIMITED]",January 2026,24819.0,24819.0,,1986.0,8.001934002175751,,,0
250,,"GADARWARA SUPER THERMAL POWER PROJECT, STAGE-II [2X800 MW]",January 2026,20446.0,20446.0,,1230.0,6.015846620365842,,,0
251,,MUMBAI-AHMEDABAD HIGH SPEED RAIL PROJECT- 508 KM,July 2025,108000.0,108000.0,,78691.0,72.86203703703704,,,0
252,,CHENNAI METRO RAIL PHASE-II DEVELOPMENT PROJECT,July 2025,63246.0,,,47163.0,,,,0
253,,WESTERN DEDICATED FREIGHT CORRIDOR,July 2025,51101.0,124005.0,,124623.0,100.49836700133059,,,0
254,,RISHIKESH-KARNAPRAYAG NEW RAIL LINE- 125 KM,July 2025,38953.0,38953.0,,24645.0,63.26855441172695,,,0
255,,MUMBAI URBAN TRANSPORT PROJECT [MUTP] PHASE-IIIA,July 2025,33690.0,33690.0,,2246.0,6.666666666666667,,,0
256,,"ETHYLENE CRACKER PROJECT AT BINA REFINERY INCLUDING
DOWNSTREAM PETROCHEMICAL PLANTS AND EXPANSION OF
REFINERY",July 2025,43367.0,43367.0,,1789.0,4.125256531464016,,,0
257,,RAJASTHAN REFINERY PROJECT,July 2025,43129.0,72937.0,,59524.0,81.61015671058584,,,0
258,,"CAPACITY EXPANSION OF PANIPAT REFINERY FROM 15 TO 25
MMTPA",July 2025,34627.0,36225.0,,23977.0,66.18909592822637,,,0
259,,KG-DWN-98/2 CLUSTER - II DEVELOPMENT PROJECT - NELP BLOCK,July 2025,34012.0,34012.0,,35498.0,104.36904621898154,,,0
260,,DIBANG MULTIPURPOSE PROJECT,July 2025,31876.0,,,3436.0,,,,0
261,,SARDAR SAROVAR PROJECT,July 2025,20718.0,33413.0,,31768.0,95.07676652799807,,,0
262,,POLAVARAM IRRIGATION PROJECT,July 2025,10151.0,55549.0,,24348.0,43.83157212551081,,,0
263,,J. CHOKKA RAO DEVADULA LIFT IRRIGATION SCHEME,July 2025,8201.0,14730.0,,4559.0,30.950441276306854,,,0
264,,JIGAON IRRIGATION PROJECT,July 2025,7223.0,,,8501.0,,,,0
265,,GOSIKHURD PROJECT,July 2025,7196.0,12770.0,,13533.0,105.97494126859827,,,0
266,,BHARATNET,July 2025,61109.0,188000.0,,41486.0,22.067021276595746,,,0
267,,4G SERVICES BY BSNL,July 2025,28466.0,19592.0,,8333.0,42.532666394446714,,,0
268,,"SATURATION 4G MOBILE COVERAGE OF UNCOVERED VILLAGES
THROUGH USOF",July 2025,26316.0,30620.0,,9292.0,30.346178967994774,,,0
269,,"PLANNING, ENGINEERING, SUPPLY, INSTALLATION, TESTING,
COMMISSIONING, INTEGRATION & ANNUAL MAINTENANCE OF 4G
MOBILE NETWORK AT 1 LAKH SITES ON PAN INDIA BASIS
INCLUDING MUMBAI & DELHI LSA ON TURNKEY BASIS UNDER
PHASE IX.2 PROJECT.",July 2025,24545.0,,,8333.0,,,,0
270,,"PROVISION OF 4G BASED MOBILE SERVICES IN 7,287 UNCOVERED
VILLAGES OF 44 ASPIRATIONAL DISTRICT ACROSS 5 STATES OF
ANDHRA PRADESH, CHHATTISGARH, JHARKHAND, MAHARASHTRA
& ODISHA",July 2025,3685.0,,,1101.0,,,,0
271,,"REDEVELOPMENT OF SEVEN GENERAL POOL RESIDENTIAL
ACCOMMODATION [GPRA] COLONIES IN DELHI",July 2025,32850.0,,,0.0,,,,0
272,,IN-SITU SLUM REDEVELOPMENT PROJECT IN GUJARAT,July 2025,5477.0,,,3036.0,,,,0
273,,EXHIBITION CUM CONVENTION CENTRE DWARKA [PHASE I],July 2025,5178.0,5401.0,,4470.0,82.76245139788928,,,0
274,,AFFORDABLE HOUSING CONSTRUCTION PROJECT IN CHHATTISGARH,July 2025,3798.0,,,2694.0,,,,0
275,,"KRISHNAPATNAM NODE - PHASE 1 - ROADS AND SERVICES
DEVELOPMENT",July 2025,2139.0,,,328.0,,,,0
276,,GEVRA OC [70 MTY],July 2025,11816.0,,,5329.0,,,,0
277,,GOPALJI KANIHA OCP [10 TO 30 MTY],July 2025,8416.0,6108.0,,1694.0,27.734119187950228,,,0
278,,KUSMUNDA OC EXPANSION [15 TO 50 MTY],July 2025,7612.0,,,4698.0,,,,0
279,,DIPKA OC,July 2025,7580.0,,,3091.0,,,,0
280,,RPR MAGADH EXP OCP,July 2025,7254.0,,,1535.0,,,,0
281,,MUMBAI-AHMEDABAD HIGH SPEED RAIL PROJECT- 508 KM,July 2025,108000.0,108000.0,,78691.0,72.86203703703704,,,0
282,,WESTERN DEDICATED FREIGHT CORRIDOR,July 2025,51101.0,124005.0,,124623.0,100.49836700133059,,,0
283,,RISHIKESH-KARNAPRAYAG NEW RAIL LINE- 125 KM,July 2025,38953.0,38953.0,,24645.0,63.26855441172695,,,0
284,,MUMBAI URBAN TRANSPORT PROJECT [MUTP] PHASE-IIIA,July 2025,33690.0,33690.0,,2246.0,6.666666666666667,,,0
285,,BHANUPALLI-BILASPUR-BERI NEW RAILWAY LINE PROJECT,July 2025,13447.0,13447.0,,6391.0,47.52732951587715,,,0
286,,NLC TALABIRA THERMAL POWER PROJECT,July 2025,27213.0,27213.0,,1939.0,7.125271010178959,,,0
287,,GHATAMPUR THERMAL POWER PLANT 3 X 660 MW,July 2025,17238.0,21781.0,,20135.0,92.44295486892246,,,0
288,,GEVRA OC [70 MTY],July 2025,11816.0,11816.0,,5329.0,45.09986459038592,,,0
289,,GOPALJI KANIHA OCP [10 TO 30 MTY],July 2025,8416.0,6108.0,,1694.0,27.734119187950228,,,0
290,,KUSMUNDA OC EXPANSION [15 TO 50 MTY],July 2025,7612.0,7612.0,,4698.0,61.7183394640042,,,0
291,,"ETHYLENE CRACKER PROJECT AT BINA REFINERY INCLUDING
DOWNSTREAM PETROCHEMICAL PLANTS AND EXPANSION OF
REFINERY",July 2025,43367.0,43367.0,,1789.0,4.125256531464016,,,0
292,,RAJASTHAN REFINERY PROJECT,July 2025,43129.0,72937.0,,59524.0,81.61015671058584,,,0
293,,"CAPACITY EXPANSION OF PANIPAT REFINERY FROM 15 TO 25
MMTPA",July 2025,34627.0,36225.0,,23977.0,66.18909592822637,,,0
294,,KG-DWN-98/2 CLUSTER - II DEVELOPMENT PROJECT - NELP BLOCK,July 2025,34012.0,34012.0,,35498.0,104.36904621898154,,,0
295,,CBR 9 MMTPA PROJECT,July 2025,31580.0,36354.0,,1342.0,3.6914782417340595,,,0
296,,SARDAR SAROVAR PROJECT,July 2025,20718.0,33413.0,,31768.0,95.07676652799807,,,0
297,,POLAVARAM IRRIGATION PROJECT,July 2025,10151.0,55549.0,,24348.0,43.83157212551081,,,0
298,,J. CHOKKA RAO DEVADULA LIFT IRRIGATION SCHEME,July 2025,8201.0,14730.0,,4559.0,30.950441276306854,,,0
299,,JIGAON IRRIGATION PROJECT,July 2025,7223.0,7223.0,,8501.0,117.69347916378237,,,0
300,,GOSIKHURD PROJECT,July 2025,7196.0,12770.0,,13533.0,105.97494126859827,,,0
401,,MUMBAI-AHMEDABAD HIGH SPEED RAIL PROJECT- 508 KM,March 2026,108000.0,108000.0,,90396.0,83.7,,,0
402,,CHENNAI METRO RAIL PHASE-II DEVELOPMENT PROJECT,March 2026,63246.0,,,32503.0,,,,0
403,,WESTERN DEDICATED FREIGHT CORRIDOR,March 2026,51101.0,124005.0,,124623.0,100.49836700133059,,,0
404,,RISHIKESH-KARNAPRAYAG NEW RAIL LINE- 125 KM,March 2026,38953.0,38953.0,,28269.0,72.57207403794315,,,0
405,,MUMBAI URBAN TRANSPORT PROJECT [MUTP] PHASE-IIIA,March 2026,33690.0,33690.0,,3486.0,10.347284060552091,,,0
406,,"ETHYLENE CRACKER PROJECT AT BINA REFINERY INCLUDING
DOWNSTREAM PETROCHEMICAL PLANTS AND EXPANSION OF
REFINERY",March 2026,43367.0,43367.0,,4553.0,10.498766343071921,,,0
407,,RAJASTHAN REFINERY PROJECT,March 2026,43129.0,79459.0,,68838.0,86.63335808404334,,,0
408,,"CAPACITY EXPANSION OF PANIPAT REFINERY FROM 15 TO 25
MMTPA",March 2026,34627.0,36225.0,,26553.0,73.30020703933748,,,0
409,,KG-DWN-98/2 CLUSTER - II DEVELOPMENT PROJECT - NELP BLOCK,March 2026,34012.0,34012.0,,32995.0,97.00987886628248,,,0
410,,DIBANG MULTIPURPOSE PROJECT,March 2026,31876.0,,,4541.0,,,,0
411,,KEN-BETWA LINKING DEVELOPMENT PROJECT,March 2026,21030.0,,,8531.0,,,,0
412,,SARDAR SAROVAR PROJECT,March 2026,20718.0,33413.0,,31861.0,95.35510130787418,,,0
413,,POLAVARAM IRRIGATION PROJECT,March 2026,10151.0,55549.0,,26640.0,47.957659003762444,,,0
414,,J. CHOKKA RAO DEVADULA LIFT IRRIGATION SCHEME,March 2026,8201.0,14730.0,,4785.0,32.484725050916495,,,0
415,,JIGAON IRRIGATION PROJECT,March 2026,7223.0,,,9588.0,,,,0
416,,BHARATNET,March 2026,61109.0,188000.0,,46432.0,24.69787234042553,,,0
417,,4G SERVICES BY BSNL,March 2026,28466.0,19592.0,,8471.0,43.23703552470396,,,0
418,,"SATURATION 4G MOBILE COVERAGE OF UNCOVERED VILLAGES
THROUGH USOF",March 2026,26316.0,30620.0,,9792.0,31.979098628347487,,,0
419,,"PLANNING, ENGINEERING, SUPPLY, INSTALLATION, TESTING,
COMMISSIONING, INTEGRATION & ANNUAL MAINTENANCE OF 4G
MOBILE NETWORK AT 1 LAKH SITES ON PAN INDIA BASIS
INCLUDING MUMBAI & DELHI LSA ON TURNKEY BASIS UNDER
PHASE IX.2 PROJECT.",March 2026,24545.0,,,8472.0,,,,0
420,,"PROVISION OF 4G BASED MOBILE SERVICES IN 7,287 UNCOVERED
VILLAGES OF 44 ASPIRATIONAL DISTRICT ACROSS 5 STATES OF
ANDHRA PRADESH, CHHATTISGARH, JHARKHAND, MAHARASHTRA
& ODISHA",March 2026,3685.0,,,1451.0,,,,0
421,,"REDEVELOPMENT OF SEVEN GENERAL POOL RESIDENTIAL
ACCOMMODATION [GPRA] COLONIES IN DELHI",March 2026,32850.0,32841.0,,13886.0,42.28251271276758,,,0
422,,"REDEVELOPMENT OF RESIDENTIAL COLONIES AT AYUR VIGYAN
NAGAR AND WEST ANSARI NAGAR CAMPUSES OF AIIMS, NEW DELHI",March 2026,4441.0,,,25.0,,,,0
423,,"KRISHNAPATNAM NODE - PHASE 1 - ROADS AND SERVICES
DEVELOPMENT",March 2026,2139.0,,,754.0,,,,0
424,,AIIMS KASHMIR AT AWANTIPORA JAMMU & KASHMIR,March 2026,1828.0,2161.0,,1545.0,71.49467838963443,,,0
425,,TUMAKURU NODE - PHASE 1 - ROADS AND SERVICES DEVELOPMENT,March 2026,1702.0,,,278.0,,,,0
426,,JAYANT EXPN. [20 TO 38 MTPA],March 2026,25560.0,,,94.0,,,,0
427,,GEVRA OC [70 MTY],March 2026,11816.0,,,6905.0,,,,0
428,,GOPALJI KANIHA OCP [10 TO 30 M,March 2026,8416.0,6108.0,,1769.0,28.962017026850035,,,0
429,,RPR MAGADH EXP OCP,March 2026,7254.0,,,1700.0,,,,0
430,,"REVISED JHARIA MASTER PLAN FOR DEALING WITH FIRE,
SUBSIDENCE & REHABILITATION OF AFFECTED FAMILIES IN JHARIA
COALFIELD- REG.",March 2026,5940.0,,,255.0,,,,0
431,,"CONSTRUCTION OF I CONNECTING ROAD FROM Z-MORH TUNNEL TO ZOJILA TUNNEL
ROAD LENGTH 18.475KM AND II 14.150 KM LONG 2-L BI-DIRECTIONAL SINGLE TUBE
ZOJI-LA TUNNEL ACROSS ZOJILA PASS ON SONAMARG - KARGIL SECTION FROM KM
82 TO KM 118 OF NH-01 UNDER PMDP",March 2026,6809.0,6809.0,,3214.0,47.20223233955059,,,0
432,,"6L BRIDGE AND ITS APPROACHES ACROSS RIVER GANGA AS PART OF PATNA RING
ROAD NH-131G STARTING FROM KM 8.480 NEAR SHERPUR TO KM 23.000 NEAR
DIGHWARA",March 2026,6292.0,3352.0,,502.0,14.976133651551313,,,0
433,,GUWAHATI RING ROAD IN THE STATE OF ASSAM,March 2026,5729.0,5729.0,,2.0,0.03491010647582475,,,0
434,,"CONSTRUCTION OF 4-LANE BRIDGE INCLUDING APPROACHES OVER RIVER
BRAHMAPUTRA BETWEEN DHUBRI ON NORTH BANK,ASSAM AND PHULBARI ON
SOUTH BANK,MEGHALAYA ON NH-127B UNDER JICA ODA LOAN ASSISTANCE PHASE-III",March 2026,4997.0,4997.0,,2808.0,56.193716229737845,,,0
435,,"6L OF RAMANATUKKARA JUNCTION TO START OF VALANCHERY BYPASS SECTION OF
NH-66",March 2026,4924.0,4919.0,,1763.0,35.840618011791015,,,0
436,,MUMBAI-AHMEDABAD HIGH SPEED RAIL PROJECT- 508 KM,March 2026,108000.0,108000.0,,90396.0,83.7,,,0
437,,WESTERN DEDICATED FREIGHT CORRIDOR,March 2026,51101.0,124005.0,,124623.0,100.49836700133059,,,0
438,,RISHIKESH-KARNAPRAYAG NEW RAIL LINE- 125 KM,March 2026,38953.0,38953.0,,28269.0,72.57207403794315,,,0
439,,MUMBAI URBAN TRANSPORT PROJECT [MUTP] PHASE-IIIA,March 2026,33690.0,33690.0,,3486.0,10.347284060552091,,,0
440,,BANGALORE SUBURBAN RAILWAY PROJECT,March 2026,15767.0,15767.0,,3183.0,20.187733874548105,,,0
441,,NLC TALABIRA THERMAL POWER PROJECT,March 2026,27213.0,27213.0,,3451.0,12.681439018116341,,,0
442,,JAYANT EXPN. [20 TO 38 MTPA],March 2026,25560.0,25560.0,,94.0,0.3677621283255086,,,0
443,,GHATAMPUR THERMAL POWER PLANT 3 X 660 MW,March 2026,17238.0,21781.0,,21129.0,97.00656535512603,,,0
444,,GEVRA OC [70 MTY],March 2026,11816.0,11816.0,,6905.0,58.437711577522,,,0
445,,GOPALJI KANIHA OCP [10 TO 30 M,March 2026,8416.0,6108.0,,1769.0,28.962017026850035,,,0
446,,DIBANG MULTIPURPOSE PROJECT,March 2026,31876.0,31876.0,,4541.0,14.245827581879784,,,0
447,,"NABINAGAR SUPER THERMAL POWER PROJECT, STAGE-II [3X800 MW]",March 2026,29948.0,29948.0,,2547.0,8.504741552023507,,,0
448,,RAJASTHAN PART I POWER TRANSMISSION LIMITED,March 2026,25000.0,25000.0,,227.0,0.9079999999999999,,,0
449,,"TRANSMISSION SYSTEM FOR EVACUATION OF POWER FROM POTENTIAL RENEWABLE
ENERGY ZONE IN KHAVDA AREA OF GUJARAT UNDER PHASE-V [8 GW] PART A [SPV
NAME POWERGRID WEST CENTRAL TRANSMISSION LIMITED]",March 2026,24819.0,24819.0,,2259.0,9.101897739634957,,,0
450,,"GADARWARA SUPER THERMAL POWER PROJECT, STAGE-II [2X800 MW]",March 2026,20446.0,20446.0,,1618.0,7.913528318497505,,,0
501,,MUMBAI-AHMEDABAD HIGH SPEED RAIL PROJECT- 508 KM,November 2025,108000.0,108000.0,,84200.0,77.96296296296296,,,0
502,,CHENNAI METRO RAIL PHASE-II DEVELOPMENT PROJECT,November 2025,63246.0,,,29336.0,,,,0
503,,WESTERN DEDICATED FREIGHT CORRIDOR,November 2025,51101.0,124005.0,,124623.0,100.49836700133059,,,0
504,,RISHIKESH-KARNAPRAYAG NEW RAIL LINE- 125 KM,November 2025,38953.0,38953.0,,24645.0,63.26855441172695,,,0
505,,MUMBAI URBAN TRANSPORT PROJECT [MUTP] PHASE-IIIA,November 2025,33690.0,33690.0,,2805.0,8.325912733748888,,,0
506,,"ETHYLENE CRACKER PROJECT AT BINA REFINERY INCLUDING
DOWNSTREAM PETROCHEMICAL PLANTS AND EXPANSION OF
REFINERY",November 2025,43367.0,43367.0,,2033.0,4.6878963267000255,,,0
507,,RAJASTHAN REFINERY PROJECT,November 2025,43129.0,79459.0,,62888.0,79.14521954718786,,,0
508,,"CAPACITY EXPANSION OF PANIPAT REFINERY FROM 15 TO 25
MMTPA",November 2025,34627.0,36225.0,,27366.0,75.54451345755695,,,0
509,,KG-DWN-98/2 CLUSTER - II DEVELOPMENT PROJECT - NELP BLOCK,November 2025,34012.0,34012.0,,32250.0,94.81947547924263,,,0
510,,DIBANG MULTIPURPOSE PROJECT,November 2025,31876.0,,,3777.0,,,,0
511,,SARDAR SAROVAR PROJECT,November 2025,20718.0,33413.0,,31861.0,95.35510130787418,,,0
512,,POLAVARAM IRRIGATION PROJECT,November 2025,10151.0,55549.0,,25292.0,45.53097265477326,,,0
513,,J. CHOKKA RAO DEVADULA LIFT IRRIGATION SCHEME,November 2025,8201.0,14730.0,,4665.0,31.67006109979633,,,0
514,,JIGAON IRRIGATION PROJECT,November 2025,7223.0,,,9035.0,,,,0
515,,GOSIKHURD PROJECT,November 2025,7196.0,12770.0,,13838.0,108.36335160532498,,,0
516,,BHARATNET,November 2025,61109.0,188000.0,,46432.0,24.69787234042553,,,0
517,,4G SERVICES BY BSNL,November 2025,28466.0,19592.0,,8471.0,43.23703552470396,,,0
518,,"SATURATION 4G MOBILE COVERAGE OF UNCOVERED VILLAGES
THROUGH USOF",November 2025,26316.0,30620.0,,9792.0,31.979098628347487,,,0
519,,"PLANNING, ENGINEERING, SUPPLY, INSTALLATION, TESTING,
COMMISSIONING, INTEGRATION & ANNUAL MAINTENANCE OF 4G
MOBILE NETWORK AT 1 LAKH SITES ON PAN INDIA BASIS
INCLUDING MUMBAI & DELHI LSA ON TURNKEY BASIS UNDER
PHASE IX.2 PROJECT.",November 2025,24545.0,,,8472.0,,,,0
520,,"PROVISION OF 4G BASED MOBILE SERVICES IN 7,287 UNCOVERED
VILLAGES OF 44 ASPIRATIONAL DISTRICT ACROSS 5 STATES OF
ANDHRA PRADESH, CHHATTISGARH, JHARKHAND, MAHARASHTRA
& ODISHA",November 2025,3685.0,,,1203.0,,,,0
521,,"REDEVELOPMENT OF SEVEN GENERAL POOL RESIDENTIAL
ACCOMMODATION [GPRA] COLONIES IN DELHI",November 2025,32850.0,,,0.0,,,,0
522,,"REDEVELOPMENT OF RESIDENTIAL COLONIES AT AYUR VIGYAN
NAGAR AND WEST ANSARI NAGAR CAMPUSES OF AIIMS, NEW DELHI",November 2025,4441.0,,,25.0,,,,0
523,,"KRISHNAPATNAM NODE - PHASE 1 - ROADS AND SERVICES
DEVELOPMENT",November 2025,2139.0,,,503.0,,,,0
524,,AIIMS KASHMIR AT AWANTIPORA JAMMU & KASHMIR,November 2025,1828.0,2161.0,,1355.0,62.70245256825544,,,0
525,,TUMAKURU NODE - PHASE 1 - ROADS AND SERVICES DEVELOPMENT,November 2025,1702.0,,,153.0,,,,0
526,,GEVRA OC [70 MTY],November 2025,11816.0,,,6711.0,,,,0
527,,GOPALJI KANIHA OCP [10 TO 30 M,November 2025,8416.0,6108.0,,1742.0,28.519973804846106,,,0
528,,RPR MAGADH EXP OCP,November 2025,7254.0,,,1601.0,,,,0
529,,"REVISED JHARIA MASTER PLAN FOR DEALING WITH FIRE,
SUBSIDENCE & REHABILITATION OF AFFECTED FAMILIES IN JHARIA
COALFIELD- REG.",November 2025,5940.0,,,1.0,,,,0
530,,BLOCK E OCP,November 2025,5851.0,,,20.0,,,,0
531,,MUMBAI-AHMEDABAD HIGH SPEED RAIL PROJECT- 508 KM,November 2025,108000.0,108000.0,,84200.0,77.96296296296296,,,0
532,,WESTERN DEDICATED FREIGHT CORRIDOR,November 2025,51101.0,124005.0,,124623.0,100.49836700133059,,,0
533,,RISHIKESH-KARNAPRAYAG NEW RAIL LINE- 125 KM,November 2025,38953.0,38953.0,,24645.0,63.26855441172695,,,0
534,,MUMBAI URBAN TRANSPORT PROJECT [MUTP] PHASE-IIIA,November 2025,33690.0,33690.0,,2805.0,8.325912733748888,,,0
535,,JIRIBAM-IMPHAL NEW LINE PROJECT,November 2025,14323.0,21886.0,,15782.0,72.11002467330714,,,0
536,,NLC TALABIRA THERMAL POWER PROJECT,November 2025,27213.0,27213.0,,2551.0,9.374196156248852,,,0
537,,GHATAMPUR THERMAL POWER PLANT 3 X 660 MW,November 2025,17238.0,21781.0,,20711.0,95.08746154905651,,,0
538,,GEVRA OC [70 MTY],November 2025,11816.0,11816.0,,6711.0,56.79587000677048,,,0
539,,GOPALJI KANIHA OCP [10 TO 30 M,November 2025,8416.0,6108.0,,1742.0,28.519973804846106,,,0
540,,RPR MAGADH EXP OCP,November 2025,7254.0,7254.0,,1601.0,22.070581748001104,,,0
541,,"ETHYLENE CRACKER PROJECT AT BINA REFINERY INCLUDING
DOWNSTREAM PETROCHEMICAL PLANTS AND EXPANSION OF
REFINERY",November 2025,43367.0,43367.0,,2033.0,4.6878963267000255,,,0
542,,RAJASTHAN REFINERY PROJECT,November 2025,43129.0,79459.0,,62888.0,79.14521954718786,,,0
543,,"CAPACITY EXPANSION OF PANIPAT REFINERY FROM 15 TO 25
MMTPA",November 2025,34627.0,36225.0,,27366.0,75.54451345755695,,,0
544,,KG-DWN-98/2 CLUSTER - II DEVELOPMENT PROJECT - NELP BLOCK,November 2025,34012.0,34012.0,,32250.0,94.81947547924263,,,0
545,,CBR 9 MMTPA PROJECT,November 2025,31580.0,36354.0,,1398.0,3.8455190625515763,,,0
546,,CHENNAI METRO RAIL PHASE-II DEVELOPMENT PROJECT,November 2025,63246.0,63246.0,,29336.0,46.38396104101445,,,0
547,,"REDEVELOPMENT OF SEVEN GENERAL POOL RESIDENTIAL
ACCOMMODATION [GPRA] COLONIES IN DELHI",November 2025,32850.0,32850.0,,0.0,,,,0
548,,DELHI-GHAZIABAD-MEERUT REGIONAL RAPID TRANSIT SYSTEM [RRTS] CORRIDOR,November 2025,30274.0,30274.0,,27061.0,89.3869326815089,,,0
549,,CONSTRUCTION OF BANGALORE METRO RAIL PROJECT PHASE 2.,November 2025,26405.0,30695.0,,29668.0,96.65417820491938,,,0
550,,DMRTS PHASE - IV [3 PRIORITY CORRIDORS],November 2025,24949.0,24949.0,,18022.0,72.23536013467474,,,0
551,,GODHANI-KALUMNA CHORD 13.7 KM,October 2025,150000.0,,,1940.0,,,,0
552,,MUMBAI-AHMEDABAD HIGH SPEED RAIL PROJECT- 508 KM,October 2025,108000.0,108000.0,,82968.0,76.82222222222222,,,0
553,,CHENNAI METRO RAIL PHASE-II DEVELOPMENT PROJECT,October 2025,63246.0,,,28779.0,,,,0
554,,WESTERN DEDICATED FREIGHT CORRIDOR,October 2025,51101.0,124005.0,,124623.0,100.49836700133059,,,0
555,,RISHIKESH-KARNAPRAYAG NEW RAIL LINE- 125 KM,October 2025,38953.0,38953.0,,24645.0,63.26855441172695,,,0
556,,"ETHYLENE CRACKER PROJECT AT BINA REFINERY INCLUDING
DOWNSTREAM PETROCHEMICAL PLANTS AND EXPANSION OF
REFINERY",October 2025,43367.0,43367.0,,1955.0,4.508036064288514,,,0
557,,RAJASTHAN REFINERY PROJECT,October 2025,43129.0,79459.0,,61927.0,77.9357907851848,,,0
558,,"CAPACITY EXPANSION OF PANIPAT REFINERY FROM 15 TO 25
MMTPA",October 2025,34627.0,36225.0,,26555.0,73.30572808833679,,,0
559,,KG-DWN-98/2 CLUSTER - II DEVELOPMENT PROJECT - NELP BLOCK,October 2025,34012.0,34012.0,,32184.0,94.6254263201223,,,0
560,,DIBANG MULTIPURPOSE PROJECT,October 2025,31876.0,,,3709.0,,,,0
561,,SARDAR SAROVAR PROJECT,October 2025,20718.0,33413.0,,31861.0,95.35510130787418,,,0
562,,POLAVARAM IRRIGATION PROJECT,October 2025,10151.0,55549.0,,24838.0,44.71367621379323,,,0
563,,J. CHOKKA RAO DEVADULA LIFT IRRIGATION SCHEME,October 2025,8201.0,14730.0,,4665.0,31.67006109979633,,,0
564,,JIGAON IRRIGATION PROJECT,October 2025,7223.0,,,8723.0,,,,0
565,,GOSIKHURD PROJECT,October 2025,7196.0,12770.0,,13765.0,107.79169929522318,,,0
566,,BHARATNET,October 2025,61109.0,188000.0,,46432.0,24.69787234042553,,,0
567,,4G SERVICES BY BSNL,October 2025,28466.0,19592.0,,8419.0,42.971621069824415,,,0
568,,"SATURATION 4G MOBILE COVERAGE OF UNCOVERED VILLAGES
THROUGH USOF",October 2025,26316.0,30620.0,,9792.0,31.979098628347487,,,0
569,,"PLANNING, ENGINEERING, SUPPLY, INSTALLATION, TESTING,
COMMISSIONING, INTEGRATION & ANNUAL MAINTENANCE OF 4G
MOBILE NETWORK AT 1 LAKH SITES ON PAN INDIA BASIS
INCLUDING MUMBAI & DELHI LSA ON TURNKEY BASIS UNDER
PHASE IX.2 PROJECT.",October 2025,24545.0,,,8448.0,,,,0
570,,"PROVISION OF 4G BASED MOBILE SERVICES IN 7,287 UNCOVERED
VILLAGES OF 44 ASPIRATIONAL DISTRICT ACROSS 5 STATES OF
ANDHRA PRADESH, CHHATTISGARH, JHARKHAND, MAHARASHTRA
& ODISHA",October 2025,3685.0,,,1135.0,,,,0
571,,"REDEVELOPMENT OF SEVEN GENERAL POOL RESIDENTIAL
ACCOMMODATION [GPRA] COLONIES IN DELHI",October 2025,32850.0,,,0.0,,,,0
572,,"KRISHNAPATNAM NODE - PHASE 1 - ROADS AND SERVICES
DEVELOPMENT",October 2025,2139.0,,,473.0,,,,0
573,,AIIMS KASHMIR AT AWANTIPORA JAMMU & KASHMIR,October 2025,1828.0,1828.0,,1322.0,72.31947483588621,,,0
574,,TUMAKURU NODE - PHASE 1 - ROADS AND SERVICES DEVELOPMENT,October 2025,1702.0,,,117.0,,,,0
575,,AIIMS MAJRA REWARI HARYANA,October 2025,1299.0,,,349.0,,,,0
576,,GEVRA OC [70 MTY],October 2025,11816.0,,,6687.0,,,,0
577,,GOPALJI KANIHA OCP [10 TO 30 M,October 2025,8416.0,6108.0,,1735.0,28.405370006548786,,,0
578,,RPR MAGADH EXP OCP,October 2025,7254.0,,,1601.0,,,,0
579,,"REVISED JHARIA MASTER PLAN FOR DEALING WITH FIRE,
SUBSIDENCE & REHABILITATION OF AFFECTED FAMILIES IN JHARIA
COALFIELD- REG.",October 2025,5940.0,,,0.0,,,,0
580,,BLOCK E OCP,October 2025,5851.0,,,20.0,,,,0
581,,GODHANI-KALUMNA CHORD 13.7 KM,October 2025,150000.0,150000.0,,1940.0,1.2933333333333332,,,0
582,,MUMBAI-AHMEDABAD HIGH SPEED RAIL PROJECT- 508 KM,October 2025,108000.0,108000.0,,82968.0,76.82222222222222,,,0
583,,WESTERN DEDICATED FREIGHT CORRIDOR,October 2025,51101.0,124005.0,,124623.0,100.49836700133059,,,0
584,,RISHIKESH-KARNAPRAYAG NEW RAIL LINE- 125 KM,October 2025,38953.0,38953.0,,24645.0,63.26855441172695,,,0
585,,MUMBAI URBAN TRANSPORT PROJECT [MUTP] PHASE-IIIA,October 2025,33690.0,33690.0,,2436.0,7.230632235084594,,,0
586,,NLC TALABIRA THERMAL POWER PROJECT,October 2025,27213.0,27213.0,,2549.0,9.366846727666923,,,0
587,,GHATAMPUR THERMAL POWER PLANT 3 X 660 MW,October 2025,17238.0,21781.0,,20522.0,94.21973279463752,,,0
588,,GEVRA OC [70 MTY],October 2025,11816.0,11816.0,,6687.0,56.59275558564658,,,0
589,,GOPALJI KANIHA OCP [10 TO 30 M,October 2025,8416.0,6108.0,,1735.0,28.405370006548786,,,0
590,,RPR MAGADH EXP OCP,October 2025,7254.0,7254.0,,1601.0,22.070581748001104,,,0
591,,"ETHYLENE CRACKER PROJECT AT BINA REFINERY INCLUDING
DOWNSTREAM PETROCHEMICAL PLANTS AND EXPANSION OF
REFINERY",October 2025,43367.0,43367.0,,1955.0,4.508036064288514,,,0
592,,RAJASTHAN REFINERY PROJECT,October 2025,43129.0,79459.0,,61927.0,77.9357907851848,,,0
593,,"CAPACITY EXPANSION OF PANIPAT REFINERY FROM 15 TO 25
MMTPA",October 2025,34627.0,36225.0,,26555.0,73.30572808833679,,,0
594,,KG-DWN-98/2 CLUSTER - II DEVELOPMENT PROJECT - NELP BLOCK,October 2025,34012.0,34012.0,,32184.0,94.6254263201223,,,0
595,,CBR 9 MMTPA PROJECT,October 2025,31580.0,36354.0,,1342.0,3.6914782417340595,,,0
596,,CHENNAI METRO RAIL PHASE-II DEVELOPMENT PROJECT,October 2025,63246.0,63246.0,,28779.0,45.503272934256714,,,0
597,,"REDEVELOPMENT OF SEVEN GENERAL POOL RESIDENTIAL
ACCOMMODATION [GPRA] COLONIES IN DELHI",October 2025,32850.0,32850.0,,0.0,,,,0
598,,DELHI-GHAZIABAD-MEERUT REGIONAL RAPID TRANSIT SYSTEM [RRTS] CORRIDOR,October 2025,30274.0,30274.0,,26612.0,87.90381185175397,,,0
599,,CONSTRUCTION OF BANGALORE METRO RAIL PROJECT PHASE 2.,October 2025,26405.0,30695.0,,29618.0,96.49128522560677,,,0
600,,DMRTS PHASE - IV [3 PRIORITY CORRIDORS],October 2025,24949.0,24949.0,,17838.0,71.49785562547596,,,0
601,,GODHANI-KALUMNA CHORD 13.7 KM,September 2025,150000.0,,,1940.0,,,,0
602,,MUMBAI-AHMEDABAD HIGH SPEED RAIL PROJECT- 508 KM,September 2025,108000.0,108000.0,,81243.0,75.225,,,0
603,,CHENNAI METRO RAIL PHASE-II DEVELOPMENT PROJECT,September 2025,63246.0,,,27456.0,,,,0
604,,WESTERN DEDICATED FREIGHT CORRIDOR,September 2025,51101.0,124005.0,,124623.0,100.49836700133059,,,0
605,,RISHIKESH-KARNAPRAYAG NEW RAIL LINE- 125 KM,September 2025,38953.0,38953.0,,24645.0,63.26855441172695,,,0
606,,"ETHYLENE CRACKER PROJECT AT BINA REFINERY INCLUDING
DOWNSTREAM PETROCHEMICAL PLANTS AND EXPANSION OF
REFINERY",September 2025,43367.0,43367.0,,1914.0,4.413494131482463,,,0
607,,RAJASTHAN REFINERY PROJECT,September 2025,43129.0,79459.0,,60545.0,76.19652902754879,,,0
608,,"CAPACITY EXPANSION OF PANIPAT REFINERY FROM 15 TO 25
MMTPA",September 2025,34627.0,36225.0,,25029.0,69.09316770186335,,,0
609,,KG-DWN-98/2 CLUSTER - II DEVELOPMENT PROJECT - NELP BLOCK,September 2025,34012.0,34012.0,,33239.0,97.72727272727273,,,0
610,,DIBANG MULTIPURPOSE PROJECT,September 2025,31876.0,,,3639.0,,,,0
611,,SARDAR SAROVAR PROJECT,September 2025,20718.0,33413.0,,31861.0,95.35510130787418,,,0
612,,POLAVARAM IRRIGATION PROJECT,September 2025,10151.0,55549.0,,24746.0,44.54805667068714,,,0
613,,J. CHOKKA RAO DEVADULA LIFT IRRIGATION SCHEME,September 2025,8201.0,14730.0,,4559.0,30.950441276306854,,,0
614,,JIGAON IRRIGATION PROJECT,September 2025,7223.0,,,8723.0,,,,0
615,,GOSIKHURD PROJECT,September 2025,7196.0,12770.0,,13691.0,107.21221613155834,,,0
616,,BHARATNET,September 2025,61109.0,188000.0,,41486.0,22.067021276595746,,,0
617,,4G SERVICES BY BSNL,September 2025,28466.0,19592.0,,8419.0,42.971621069824415,,,0
618,,"SATURATION 4G MOBILE COVERAGE OF UNCOVERED VILLAGES
THROUGH USOF",September 2025,26316.0,30620.0,,9792.0,31.979098628347487,,,0
619,,"PLANNING, ENGINEERING, SUPPLY, INSTALLATION, TESTING,
COMMISSIONING, INTEGRATION & ANNUAL MAINTENANCE OF 4G
MOBILE NETWORK AT 1 LAKH SITES ON PAN INDIA BASIS
INCLUDING MUMBAI & DELHI LSA ON TURNKEY BASIS UNDER
PHASE IX.2 PROJECT.",September 2025,24545.0,,,8420.0,,,,0
620,,"PROVISION OF 4G BASED MOBILE SERVICES IN 7,287 UNCOVERED
VILLAGES OF 44 ASPIRATIONAL DISTRICT ACROSS 5 STATES OF
ANDHRA PRADESH, CHHATTISGARH, JHARKHAND, MAHARASHTRA
& ODISHA",September 2025,3685.0,,,1135.0,,,,0
621,,"REDEVELOPMENT OF SEVEN GENERAL POOL RESIDENTIAL
ACCOMMODATION [GPRA] COLONIES IN DELHI",September 2025,32850.0,,,0.0,,,,0
622,,"KRISHNAPATNAM NODE - PHASE 1 - ROADS AND SERVICES
DEVELOPMENT",September 2025,2139.0,,,471.0,,,,0
623,,AIIMS KASHMIR AT AWANTIPORA JAMMU & KASHMIR,September 2025,1828.0,1828.0,,1565.0,85.61269146608315,,,0
624,,TUMAKURU NODE - PHASE 1 - ROADS AND SERVICES DEVELOPMENT,September 2025,1702.0,,,117.0,,,,0
625,,AIIMS MAJRA REWARI HARYANA,September 2025,1299.0,,,349.0,,,,0
626,,GEVRA OC [70 MTY],September 2025,11816.0,,,6677.0,,,,0
627,,GOPALJI KANIHA OCP [10 TO 30 M,September 2025,8416.0,6108.0,,1730.0,28.323510150622134,,,0
628,,KUSMUNDA OC EXPANSION [15 TO 50 MTY],September 2025,7612.0,,,4698.0,,,,0
629,,DIPKA OC,September 2025,7580.0,,,3091.0,,,,0
630,,RPR MAGADH EXP OCP,September 2025,7254.0,,,1548.0,,,,0
631,,GODHANI-KALUMNA CHORD 13.7 KM,September 2025,150000.0,150000.0,,1940.0,1.2933333333333332,,,0
632,,MUMBAI-AHMEDABAD HIGH SPEED RAIL PROJECT- 508 KM,September 2025,108000.0,108000.0,,81243.0,75.225,,,0
633,,WESTERN DEDICATED FREIGHT CORRIDOR,September 2025,51101.0,124005.0,,124623.0,100.49836700133059,,,0
634,,RISHIKESH-KARNAPRAYAG NEW RAIL LINE- 125 KM,September 2025,38953.0,38953.0,,24645.0,63.26855441172695,,,0
635,,MUMBAI URBAN TRANSPORT PROJECT [MUTP] PHASE-IIIA,September 2025,33690.0,33690.0,,2361.0,7.008014247551202,,,0
636,,NLC TALABIRA THERMAL POWER PROJECT,September 2025,27213.0,27213.0,,2517.0,9.24925587035608,,,0
637,,GHATAMPUR THERMAL POWER PLANT 3 X 660 MW,September 2025,17238.0,21781.0,,20510.0,94.16463890546807,,,0
638,,GEVRA OC [70 MTY],September 2025,11816.0,11816.0,,6677.0,56.508124576844956,,,0
639,,GOPALJI KANIHA OCP [10 TO 30 M,September 2025,8416.0,6108.0,,1730.0,28.323510150622134,,,0
640,,KUSMUNDA OC EXPANSION [15 TO 50 MTY],September 2025,7612.0,7612.0,,4698.0,61.7183394640042,,,0
641,,"ETHYLENE CRACKER PROJECT AT BINA REFINERY INCLUDING
DOWNSTREAM PETROCHEMICAL PLANTS AND EXPANSION OF
REFINERY",September 2025,43367.0,43367.0,,1914.0,4.413494131482463,,,0
642,,RAJASTHAN REFINERY PROJECT,September 2025,43129.0,79459.0,,60545.0,76.19652902754879,,,0
643,,"CAPACITY EXPANSION OF PANIPAT REFINERY FROM 15 TO 25
MMTPA",September 2025,34627.0,36225.0,,25029.0,69.09316770186335,,,0
644,,KG-DWN-98/2 CLUSTER - II DEVELOPMENT PROJECT - NELP BLOCK,September 2025,34012.0,34012.0,,33239.0,97.72727272727273,,,0
645,,CBR 9 MMTPA PROJECT,September 2025,31580.0,36354.0,,1342.0,3.6914782417340595,,,0
646,,CHENNAI METRO RAIL PHASE-II DEVELOPMENT PROJECT,September 2025,63246.0,63246.0,,27456.0,43.41144103974955,,,0
647,,"REDEVELOPMENT OF SEVEN GENERAL POOL RESIDENTIAL
ACCOMMODATION [GPRA] COLONIES IN DELHI",September 2025,32850.0,32850.0,,0.0,,,,0
648,,DELHI-GHAZIABAD-MEERUT REGIONAL RAPID TRANSIT SYSTEM [RRTS] CORRIDOR,September 2025,30274.0,30274.0,,26612.0,87.90381185175397,,,0
649,,CONSTRUCTION OF BANGALORE METRO RAIL PROJECT PHASE 2.,September 2025,26405.0,30695.0,,29568.0,96.32839224629419,,,0
650,,DMRTS PHASE - IV [3 PRIORITY CORRIDORS],September 2025,24949.0,24949.0,,17380.0,69.66211070583991,,,0
