filename,path,extension,size_bytes,stage
SOURCE_MANIFEST.csv,stage_2\01_raw\SOURCE_MANIFEST.csv,.csv,66533,stage_2
EXTRACTION_QUALITY_REPORT.csv,stage_2\02_extraction\EXTRACTION_QUALITY_REPORT.csv,.csv,9402,stage_2
SRC_0001.json,stage_2\02_extraction\raw_json\SRC_0001.json,.json,253963,stage_2
SRC_0002.json,stage_2\02_extraction\raw_json\SRC_0002.json,.json,218546,stage_2
SRC_0003.json,stage_2\02_extraction\raw_json\SRC_0003.json,.json,225684,stage_2
SRC_0004.json,stage_2\02_extraction\raw_json\SRC_0004.json,.json,227079,stage_2
SRC_0005.json,stage_2\02_extraction\raw_json\SRC_0005.json,.json,223579,stage_2
SRC_0006.json,stage_2\02_extraction\raw_json\SRC_0006.json,.json,198521,stage_2
SRC_0007.json,stage_2\02_extraction\raw_json\SRC_0007.json,.json,200544,stage_2
SRC_0008.json,stage_2\02_extraction\raw_json\SRC_0008.json,.json,174370,stage_2
SRC_0009.json,stage_2\02_extraction\raw_json\SRC_0009.json,.json,2143830,stage_2
SRC_0010.json,stage_2\02_extraction\raw_json\SRC_0010.json,.json,1232057,stage_2
SRC_0011.json,stage_2\02_extraction\raw_json\SRC_0011.json,.json,2397778,stage_2
SRC_0012.json,stage_2\02_extraction\raw_json\SRC_0012.json,.json,3764571,stage_2
SRC_0013.json,stage_2\02_extraction\raw_json\SRC_0013.json,.json,3168823,stage_2
SRC_0014.json,stage_2\02_extraction\raw_json\SRC_0014.json,.json,1199123,stage_2
SRC_0015.json,stage_2\02_extraction\raw_json\SRC_0015.json,.json,1910372,stage_2
SRC_0016.json,stage_2\02_extraction\raw_json\SRC_0016.json,.json,2030101,stage_2
SRC_0017.json,stage_2\02_extraction\raw_json\SRC_0017.json,.json,3469201,stage_2
SRC_0018.json,stage_2\02_extraction\raw_json\SRC_0018.json,.json,2144738,stage_2
SRC_0019.json,stage_2\02_extraction\raw_json\SRC_0019.json,.json,1350609,stage_2
SRC_0020.json,stage_2\02_extraction\raw_json\SRC_0020.json,.json,1348650,stage_2
SRC_0021.json,stage_2\02_extraction\raw_json\SRC_0021.json,.json,1308780,stage_2
SRC_0022.json,stage_2\02_extraction\raw_json\SRC_0022.json,.json,1474429,stage_2
SRC_0023.json,stage_2\02_extraction\raw_json\SRC_0023.json,.json,1493013,stage_2
SRC_0024.json,stage_2\02_extraction\raw_json\SRC_0024.json,.json,1573255,stage_2
SRC_0025.json,stage_2\02_extraction\raw_json\SRC_0025.json,.json,1658853,stage_2
SRC_0026.json,stage_2\02_extraction\raw_json\SRC_0026.json,.json,227140,stage_2
SRC_0027.json,stage_2\02_extraction\raw_json\SRC_0027.json,.json,216899,stage_2
SRC_0028.json,stage_2\02_extraction\raw_json\SRC_0028.json,.json,223635,stage_2
SRC_0029.json,stage_2\02_extraction\raw_json\SRC_0029.json,.json,220000,stage_2
SRC_0030.json,stage_2\02_extraction\raw_json\SRC_0030.json,.json,225887,stage_2
SRC_0031.json,stage_2\02_extraction\raw_json\SRC_0031.json,.json,160139,stage_2
SRC_0032.json,stage_2\02_extraction\raw_json\SRC_0032.json,.json,119787,stage_2
SRC_0033.json,stage_2\02_extraction\raw_json\SRC_0033.json,.json,122220,stage_2
SRC_0034.json,stage_2\02_extraction\raw_json\SRC_0034.json,.json,140437,stage_2
SRC_0035.json,stage_2\02_extraction\raw_json\SRC_0035.json,.json,125404,stage_2
SRC_0036.json,stage_2\02_extraction\raw_json\SRC_0036.json,.json,265111,stage_2
SRC_0037.json,stage_2\02_extraction\raw_json\SRC_0037.json,.json,255730,stage_2
SRC_0038.json,stage_2\02_extraction\raw_json\SRC_0038.json,.json,59090,stage_2
SRC_0039.json,stage_2\02_extraction\raw_json\SRC_0039.json,.json,213919,stage_2
SRC_0040.json,stage_2\02_extraction\raw_json\SRC_0040.json,.json,239900,stage_2
SRC_0041.json,stage_2\02_extraction\raw_json\SRC_0041.json,.json,240116,stage_2
SRC_0042.json,stage_2\02_extraction\raw_json\SRC_0042.json,.json,254223,stage_2
SRC_0043.json,stage_2\02_extraction\raw_json\SRC_0043.json,.json,252438,stage_2
SRC_0044.json,stage_2\02_extraction\raw_json\SRC_0044.json,.json,255017,stage_2
SRC_0047.json,stage_2\02_extraction\raw_json\SRC_0047.json,.json,212364,stage_2
SRC_0048.json,stage_2\02_extraction\raw_json\SRC_0048.json,.json,244290,stage_2
SRC_0049.json,stage_2\02_extraction\raw_json\SRC_0049.json,.json,257647,stage_2
SRC_0050.json,stage_2\02_extraction\raw_json\SRC_0050.json,.json,255726,stage_2
SRC_0052.json,stage_2\02_extraction\raw_json\SRC_0052.json,.json,213609,stage_2
SRC_0053.json,stage_2\02_extraction\raw_json\SRC_0053.json,.json,242239,stage_2
SRC_0054.json,stage_2\02_extraction\raw_json\SRC_0054.json,.json,265654,stage_2
SRC_0055.json,stage_2\02_extraction\raw_json\SRC_0055.json,.json,287678,stage_2
SRC_0056.json,stage_2\02_extraction\raw_json\SRC_0056.json,.json,255304,stage_2
SRC_0057.json,stage_2\02_extraction\raw_json\SRC_0057.json,.json,256583,stage_2
SRC_0059.json,stage_2\02_extraction\raw_json\SRC_0059.json,.json,213629,stage_2
SRC_0060.json,stage_2\02_extraction\raw_json\SRC_0060.json,.json,249480,stage_2
SRC_0061.json,stage_2\02_extraction\raw_json\SRC_0061.json,.json,217587,stage_2
SRC_0062.json,stage_2\02_extraction\raw_json\SRC_0062.json,.json,235901,stage_2
SRC_0063.json,stage_2\02_extraction\raw_json\SRC_0063.json,.json,243216,stage_2
SRC_0064.json,stage_2\02_extraction\raw_json\SRC_0064.json,.json,273385,stage_2
SRC_0065.json,stage_2\02_extraction\raw_json\SRC_0065.json,.json,252561,stage_2
SRC_0066.json,stage_2\02_extraction\raw_json\SRC_0066.json,.json,260745,stage_2
SRC_0067.json,stage_2\02_extraction\raw_json\SRC_0067.json,.json,264934,stage_2
SRC_0068.json,stage_2\02_extraction\raw_json\SRC_0068.json,.json,245107,stage_2
SRC_0069.json,stage_2\02_extraction\raw_json\SRC_0069.json,.json,211826,stage_2
SRC_0070.json,stage_2\02_extraction\raw_json\SRC_0070.json,.json,206222,stage_2
SRC_0071.json,stage_2\02_extraction\raw_json\SRC_0071.json,.json,232822,stage_2
SRC_0072.json,stage_2\02_extraction\raw_json\SRC_0072.json,.json,242651,stage_2
SRC_0073.json,stage_2\02_extraction\raw_json\SRC_0073.json,.json,266726,stage_2
SRC_0074.json,stage_2\02_extraction\raw_json\SRC_0074.json,.json,258981,stage_2
SRC_0075.json,stage_2\02_extraction\raw_json\SRC_0075.json,.json,222894,stage_2
SRC_0076.json,stage_2\02_extraction\raw_json\SRC_0076.json,.json,212669,stage_2
SRC_0077.json,stage_2\02_extraction\raw_json\SRC_0077.json,.json,241901,stage_2
SRC_0078.json,stage_2\02_extraction\raw_json\SRC_0078.json,.json,267521,stage_2
SRC_0081.json,stage_2\02_extraction\raw_json\SRC_0081.json,.json,210621,stage_2
SRC_0082.json,stage_2\02_extraction\raw_json\SRC_0082.json,.json,205421,stage_2
SRC_0083.json,stage_2\02_extraction\raw_json\SRC_0083.json,.json,240831,stage_2
SRC_0084.json,stage_2\02_extraction\raw_json\SRC_0084.json,.json,244683,stage_2
SRC_0085.json,stage_2\02_extraction\raw_json\SRC_0085.json,.json,248286,stage_2
SRC_0086.json,stage_2\02_extraction\raw_json\SRC_0086.json,.json,242639,stage_2
SRC_0087.json,stage_2\02_extraction\raw_json\SRC_0087.json,.json,240769,stage_2
SRC_0088.json,stage_2\02_extraction\raw_json\SRC_0088.json,.json,248316,stage_2
SRC_0089.json,stage_2\02_extraction\raw_json\SRC_0089.json,.json,256459,stage_2
SRC_0090.json,stage_2\02_extraction\raw_json\SRC_0090.json,.json,225242,stage_2
SRC_0091.json,stage_2\02_extraction\raw_json\SRC_0091.json,.json,238358,stage_2
SRC_0092.json,stage_2\02_extraction\raw_json\SRC_0092.json,.json,247335,stage_2
SRC_0093.json,stage_2\02_extraction\raw_json\SRC_0093.json,.json,259527,stage_2
SRC_0094.json,stage_2\02_extraction\raw_json\SRC_0094.json,.json,261371,stage_2
SRC_0095.json,stage_2\02_extraction\raw_json\SRC_0095.json,.json,235754,stage_2
SRC_0096.json,stage_2\02_extraction\raw_json\SRC_0096.json,.json,217439,stage_2
SRC_0097.json,stage_2\02_extraction\raw_json\SRC_0097.json,.json,238490,stage_2
SRC_0098.json,stage_2\02_extraction\raw_json\SRC_0098.json,.json,266368,stage_2
SRC_0099.json,stage_2\02_extraction\raw_json\SRC_0099.json,.json,258083,stage_2
SRC_0100.json,stage_2\02_extraction\raw_json\SRC_0100.json,.json,216056,stage_2
SRC_0101.json,stage_2\02_extraction\raw_json\SRC_0101.json,.json,241588,stage_2
SRC_0102.json,stage_2\02_extraction\raw_json\SRC_0102.json,.json,215876,stage_2
SRC_0103.json,stage_2\02_extraction\raw_json\SRC_0103.json,.json,244865,stage_2
SRC_0185.json,stage_2\02_extraction\raw_json\SRC_0185.json,.json,274162,stage_2
SRC_0186.json,stage_2\02_extraction\raw_json\SRC_0186.json,.json,13058,stage_2
SRC_0187.json,stage_2\02_extraction\raw_json\SRC_0187.json,.json,10732,stage_2
SRC_0188.json,stage_2\02_extraction\raw_json\SRC_0188.json,.json,1903521,stage_2
SRC_0009_std.json,stage_2\03_standardization\standardized_json\SRC_0009_std.json,.json,32539,stage_2
SRC_0010_std.json,stage_2\03_standardization\standardized_json\SRC_0010_std.json,.json,31812,stage_2
SRC_0011_std.json,stage_2\03_standardization\standardized_json\SRC_0011_std.json,.json,32582,stage_2
SRC_0012_std.json,stage_2\03_standardization\standardized_json\SRC_0012_std.json,.json,32681,stage_2
SRC_0013_std.json,stage_2\03_standardization\standardized_json\SRC_0013_std.json,.json,32505,stage_2
SRC_0014_std.json,stage_2\03_standardization\standardized_json\SRC_0014_std.json,.json,31703,stage_2
SRC_0015_std.json,stage_2\03_standardization\standardized_json\SRC_0015_std.json,.json,32241,stage_2
SRC_0016_std.json,stage_2\03_standardization\standardized_json\SRC_0016_std.json,.json,32370,stage_2
SRC_0017_std.json,stage_2\03_standardization\standardized_json\SRC_0017_std.json,.json,32544,stage_2
SRC_0018_std.json,stage_2\03_standardization\standardized_json\SRC_0018_std.json,.json,32513,stage_2
SRC_0019_std.json,stage_2\03_standardization\standardized_json\SRC_0019_std.json,.json,31965,stage_2
SRC_0020_std.json,stage_2\03_standardization\standardized_json\SRC_0020_std.json,.json,31860,stage_2
SRC_0021_std.json,stage_2\03_standardization\standardized_json\SRC_0021_std.json,.json,31791,stage_2
SRC_0032_std.json,stage_2\03_standardization\standardized_json\SRC_0032_std.json,.json,1593,stage_2
IDENTITY_RESOLUTION.csv,stage_2\04_identity\IDENTITY_RESOLUTION.csv,.csv,10172,stage_2
SRC_0009_std.json,stage_2\04_identity\resolved_json\SRC_0009_std.json,.json,33676,stage_2
SRC_0010_std.json,stage_2\04_identity\resolved_json\SRC_0010_std.json,.json,32944,stage_2
SRC_0011_std.json,stage_2\04_identity\resolved_json\SRC_0011_std.json,.json,33719,stage_2
SRC_0012_std.json,stage_2\04_identity\resolved_json\SRC_0012_std.json,.json,33818,stage_2
SRC_0013_std.json,stage_2\04_identity\resolved_json\SRC_0013_std.json,.json,33642,stage_2
SRC_0014_std.json,stage_2\04_identity\resolved_json\SRC_0014_std.json,.json,32836,stage_2
SRC_0015_std.json,stage_2\04_identity\resolved_json\SRC_0015_std.json,.json,33383,stage_2
SRC_0016_std.json,stage_2\04_identity\resolved_json\SRC_0016_std.json,.json,33508,stage_2
SRC_0017_std.json,stage_2\04_identity\resolved_json\SRC_0017_std.json,.json,33681,stage_2
SRC_0018_std.json,stage_2\04_identity\resolved_json\SRC_0018_std.json,.json,33650,stage_2
SRC_0019_std.json,stage_2\04_identity\resolved_json\SRC_0019_std.json,.json,33097,stage_2
SRC_0020_std.json,stage_2\04_identity\resolved_json\SRC_0020_std.json,.json,32993,stage_2
SRC_0021_std.json,stage_2\04_identity\resolved_json\SRC_0021_std.json,.json,32924,stage_2
SRC_0032_std.json,stage_2\04_identity\resolved_json\SRC_0032_std.json,.json,1593,stage_2
paimana_analytical.db,stage_2\05_canonical\paimana_analytical.db,.db,548864,stage_2
RAW_VALIDATION_REPORT.csv,stage_2\06_validation\RAW_VALIDATION_REPORT.csv,.csv,10321,stage_2
ML_DATASET.csv,stage_2\09_ml\ML_DATASET.csv,.csv,52130,stage_2
