Project_SK,Normalized_Name,Original_Name_Sample,PAIMANA_ID,Project_Code
1,mumbai ahmedabad high speed rail project 508 km,MUMBAI-AHMEDABAD HIGH SPEED RAIL PROJECT- 508 KM,705728,
2,chennai metro rail phase ii development project,CHENNAI METRO RAIL PHASE-II DEVELOPMENT PROJECT,702668,
3,western dedicated freight corridor,WESTERN DEDICATED FREIGHT CORRIDOR,705237,
4,rishikesh karnaprayag new rail line 125 km,RISHIKESH-KARNAPRAYAG NEW RAIL LINE- 125 KM,705429,
5,mumbai urban transport project mutp phase iiia,MUMBAI URBAN TRANSPORT PROJECT [MUTP] PHASE-IIIA,706780,
6,ethylene cracker project at bina refinery including downstream petrochemical plants and expansion of refinery,"ETHYLENE CRACKER PROJECT AT BINA REFINERY INCLUDING
DOWNSTREAM PETROCHEMICAL PLANTS AND EXPANSION OF
REFINERY",709798,
7,rajasthan refinery project,RAJASTHAN REFINERY PROJECT,701263,
8,capacity expansion of panipat refinery from 15 to 25 mmtpa,"CAPACITY EXPANSION OF PANIPAT REFINERY FROM 15 TO 25
MMTPA",701289,
9,kg dwn 98 2 cluster ii development project nelp block,KG-DWN-98/2 CLUSTER - II DEVELOPMENT PROJECT - NELP BLOCK,400120,
10,dibang multipurpose project,DIBANG MULTIPURPOSE PROJECT,602182,
11,ken betwa linking development project,KEN-BETWA LINKING DEVELOPMENT PROJECT,701530,
12,sardar sarovar project,SARDAR SAROVAR PROJECT,701372,
13,polavaram irrigation project,POLAVARAM IRRIGATION PROJECT,701415,
14,j chokka rao devadula lift irrigation scheme,J. CHOKKA RAO DEVADULA LIFT IRRIGATION SCHEME,701405,
15,jigaon irrigation project,JIGAON IRRIGATION PROJECT,400112,
16,bharatnet,BHARATNET,706775,
17,4g services by bsnl,4G SERVICES BY BSNL,701593,
18,saturation 4g mobile coverage of uncovered villages through usof,"SATURATION 4G MOBILE COVERAGE OF UNCOVERED VILLAGES
THROUGH USOF",400013,
19,planning engineering supply installation testing commissioning integration annual maintenance of 4g mobile network at 1 lakh sites on pan india basis including mumbai delhi lsa on turnkey basis under phase ix 2 project,"PLANNING, ENGINEERING, SUPPLY, INSTALLATION, TESTING,
COMMISSIONING, INTEGRATION & ANNUAL MAINTENANCE OF 4G
MOBILE NETWORK AT 1 LAKH SITES ON PAN INDIA BASIS
INCLUDING MUMBAI & DELHI LSA ON TURNKEY BASIS UNDER
PHASE IX.2 PROJECT.",709857,
20,provision of 4g based mobile services in 7 287 uncovered villages of 44 aspirational district across 5 states of andhra pradesh chhattisgarh jharkhand maharashtra odisha,"PROVISION OF 4G BASED MOBILE SERVICES IN 7,287 UNCOVERED
VILLAGES OF 44 ASPIRATIONAL DISTRICT ACROSS 5 STATES OF
ANDHRA PRADESH, CHHATTISGARH, JHARKHAND, MAHARASHTRA
& ODISHA",701602,
21,redevelopment of seven general pool residential accommodation gpra colonies in delhi,"REDEVELOPMENT OF SEVEN GENERAL POOL RESIDENTIAL
ACCOMMODATION [GPRA] COLONIES IN DELHI",400188,
22,redevelopment of residential colonies at ayur vigyan nagar and west ansari nagar campuses of aiims new delhi,"REDEVELOPMENT OF RESIDENTIAL COLONIES AT AYUR VIGYAN
NAGAR AND WEST ANSARI NAGAR CAMPUSES OF AIIMS, NEW DELHI",617883,
23,development of palakkad node under extension of cbic to kochi,"DEVELOPMENT OF PALAKKAD NODE UNDER EXTENSION OF CBIC TO
KOCHI",701668,
24,orvakal industrial area,ORVAKAL INDUSTRIAL AREA,617727,
25,development of zaheerabad node under hyderabad nagpur industrial corridor,"DEVELOPMENT OF ZAHEERABAD NODE UNDER HYDERABAD
NAGPUR INDUSTRIAL CORRIDOR",601812,
26,jayant expn 20 to 38 mtpa,JAYANT EXPN. [20 TO 38 MTPA],619032,
27,gevra oc 70 mty,GEVRA OC [70 MTY],400424,
28,gopalji kaniha ocp 10 to 30 m,GOPALJI KANIHA OCP [10 TO 30 M,400185,
29,rpr magadh exp ocp,RPR MAGADH EXP OCP,400150,
30,revised jharia master plan for dealing with fire subsidence rehabilitation of affected families in jharia coalfield reg,"REVISED JHARIA MASTER PLAN FOR DEALING WITH FIRE,
SUBSIDENCE & REHABILITATION OF AFFECTED FAMILIES IN JHARIA
COALFIELD- REG.",617416,
31,construction of i connecting road from z morh tunnel to zojila tunnel road length 18 475km and ii 14 150 km long 2 l bi directional single tube zoji la tunnel across zojila pass on sonamarg kargil section from km 82 to km 118 of nh 01 under pmdp,"CONSTRUCTION OF I CONNECTING ROAD FROM Z-MORH TUNNEL TO ZOJILA TUNNEL
ROAD LENGTH 18.475KM AND II 14.150 KM LONG 2-L BI-DIRECTIONAL SINGLE TUBE
ZOJI-LA TUNNEL ACROSS ZOJILA PASS ON SONAMARG - KARGIL SECTION FROM KM
82 TO KM 118 OF NH-01 UNDER PMDP",618412,
32,6l bridge and its approaches across river ganga as part of patna ring road nh 131g starting from km 8 480 near sherpur to km 23 000 near dighwara,"6L BRIDGE AND ITS APPROACHES ACROSS RIVER GANGA AS PART OF PATNA RING
ROAD NH-131G STARTING FROM KM 8.480 NEAR SHERPUR TO KM 23.000 NEAR
DIGHWARA",618738,
33,guwahati ring road in the state of assam,GUWAHATI RING ROAD IN THE STATE OF ASSAM,618934,
34,construction of 4 lane bridge including approaches over river brahmaputra between dhubri on north bank assam and phulbari on south bank meghalaya on nh 127b under jica oda loan assistance phase iii,"CONSTRUCTION OF 4-LANE BRIDGE INCLUDING APPROACHES OVER RIVER
BRAHMAPUTRA BETWEEN DHUBRI ON NORTH BANK,ASSAM AND PHULBARI ON
SOUTH BANK,MEGHALAYA ON NH-127B UNDER JICA ODA LOAN ASSISTANCE PHASE-III",618373,
35,6l of ramanatukkara junction to start of valanchery bypass section of nh 66,"6L OF RAMANATUKKARA JUNCTION TO START OF VALANCHERY BYPASS SECTION OF
NH-66",618599,
36,bangalore suburban railway project,BANGALORE SUBURBAN RAILWAY PROJECT,705941,
37,nlc talabira thermal power project,NLC TALABIRA THERMAL POWER PROJECT,400231,
38,ghatampur thermal power plant 3 x 660 mw,GHATAMPUR THERMAL POWER PLANT 3 X 660 MW,400259,
39,nabinagar super thermal power project stage ii 3x800 mw,"NABINAGAR SUPER THERMAL POWER PROJECT, STAGE-II [3X800 MW]",619051,
40,rajasthan part i power transmission limited,RAJASTHAN PART I POWER TRANSMISSION LIMITED,619025,
41,transmission system for evacuation of power from potential renewable energy zone in khavda area of gujarat under phase v 8 gw part a spv name powergrid west central transmission limited,"TRANSMISSION SYSTEM FOR EVACUATION OF POWER FROM POTENTIAL RENEWABLE
ENERGY ZONE IN KHAVDA AREA OF GUJARAT UNDER PHASE-V [8 GW] PART A [SPV
NAME POWERGRID WEST CENTRAL TRANSMISSION LIMITED]",615347,
42,gadarwara super thermal power project stage ii 2x800 mw,"GADARWARA SUPER THERMAL POWER PROJECT, STAGE-II [2X800 MW]",618976,
43,gosikhurd project,GOSIKHURD PROJECT,701386,
44,krishnapatnam node phase 1 roads and services development,"KRISHNAPATNAM NODE - PHASE 1 - ROADS AND SERVICES
DEVELOPMENT",701658,
45,aiims kashmir at awantipora jammu kashmir,AIIMS KASHMIR AT AWANTIPORA JAMMU & KASHMIR,701167,
46,tumakuru node phase 1 roads and services development,TUMAKURU NODE - PHASE 1 - ROADS AND SERVICES DEVELOPMENT,701657,
47,aiims majra rewari haryana,AIIMS MAJRA REWARI HARYANA,701173,
48,kusmunda oc expansion 15 to 50 mty,KUSMUNDA OC EXPANSION [15 TO 50 MTY],400147,
49,dipka oc,DIPKA OC,612838,
50,jiribam imphal new line project,JIRIBAM-IMPHAL NEW LINE PROJECT,705391,
51,cbr 9 mmtpa project,CBR 9 MMTPA PROJECT,604795,
52,delhi ghaziabad meerut regional rapid transit system rrts corridor,DELHI-GHAZIABAD-MEERUT REGIONAL RAPID TRANSIT SYSTEM [RRTS] CORRIDOR,702633,
53,construction of bangalore metro rail project phase 2,CONSTRUCTION OF BANGALORE METRO RAIL PROJECT PHASE 2.,702635,
54,dmrts phase iv 3 priority corridors,DMRTS PHASE - IV [3 PRIORITY CORRIDORS],702632,
55,block e ocp,BLOCK E OCP,616253,
56,6l of thalikulam to kodugallur section from km 369 015 to km 397 850 of nh 66 old nh 17,"6L OF THALIKULAM TO KODUGALLUR SECTION FROM KM 369.015 TO KM 397.850 OF
NH - 66 OLD NH-17",618602,
57,gadarwara super thermal power project stage ii 3x800 mw,"GADARWARA SUPER THERMAL POWER PROJECT, STAGE-II [3X800 MW]",618976,
58,patratu thermal power station expansion project phase i 3x800 mw,PATRATU THERMAL POWER STATION EXPANSION PROJECT PHASE-I [3X800 MW],400261,
59,raghunathpur thermal power station phase ii 2x660 mw at raghunathpur purulia west bengal,"RAGHUNATHPUR THERMAL POWER STATION PHASE II [2X660 MW] AT
RAGHUNATHPUR, PURULIA, WEST BENGAL",400062,
60,4l elevated corridor and at grade improvements from design ch0000 to design ch 19870 of danapur bihta section design ch0000 to design ch0231 connecting the existing rob near danapur station 1 35 km ramps and at grade improvements to 4 lane section on danapur side and upgradation of existing two lane carriageway to four lane carriageway from design ch19870 to design ch23500 of bihta koilwar section,"4L ELEVATED CORRIDOR AND AT-GRADE IMPROVEMENTS FROM DESIGN CH0000 TO
DESIGN CH 19870 OF DANAPUR BIHTA SECTION, DESIGN CH0000 TO DESIGN CH0231
CONNECTING THE EXISTING ROB NEAR DANAPUR STATION ,1.35 KM RAMPS AND AT-
GRADE IMPROVEMENTS TO 4-LANE SECTION ON DANAPUR SIDE AND UPGRADATION
OF EXISTING TWO LANE CARRIAGEWAY TO FOUR LANE CARRIAGEWAY FROM DESIGN
CH19870 TO DESIGN CH23500 OF BIHTA - KOILWAR SECTION",618914,
61,in situ slum redevelopment project in gujarat,IN-SITU SLUM REDEVELOPMENT PROJECT IN GUJARAT,702540,
62,exhibition cum convention centre dwarka phase i,EXHIBITION CUM CONVENTION CENTRE DWARKA [PHASE I],400429,
63,affordable housing construction project in chhattisgarh,AFFORDABLE HOUSING CONSTRUCTION PROJECT IN CHHATTISGARH,702524,
64,gopalji kaniha ocp 10 to 30 mty,GOPALJI KANIHA OCP [10 TO 30 MTY],400185,
65,bhanupalli bilaspur beri new railway line project,BHANUPALLI-BILASPUR-BERI NEW RAILWAY LINE PROJECT,705428,
66,meja thermal power project stage ii 3x800 mw,"MEJA THERMAL POWER PROJECT, STAGE-II , (3X800 MW)",298178,
67,bharatnet phase ii,BHARATNET PHASE-II,547243,
68,jiribam imphal 110 km,JIRIBAM-IMPHAL 110 KM,705391,
69,multi tracking of son nagar andal 374 53 rkm 814 38 tkm pb34 ecor 2023 24,"MULTI TRACKING OF SON NAGAR-ANDAL 374.53 RKM & 814.38 TKM PB34/ECOR/2023-
24",616699,
70,telangana super thermal power project stage ii 3 x 800 mw,"TELANGANA SUPER THERMAL POWER PROJECT , STAGE-II [3 X 800 MW]",619341,
71,amended bharatnet program up east,AMENDED BHARATNET PROGRAM - UP (EAST),222253,
72,godhani kalumna chord 13 7 km,GODHANI-KALUMNA CHORD 13.7 KM,617321,
